Reading No,Reading Type,Duration,Main,Low,High,Light,Time,User,Sigma Value,Units,Batch,Heat,Lot,Note,Sample,Mode,Ag,Ag 2-Sigma,As,As 2-Sigma,Au,Au 2-Sigma,Bal,Bal 2-Sigma,Bi,Bi 2-Sigma,Cd,Cd 2-Sigma,Co,Co 2-Sigma,Cr,Cr 2-Sigma,Cu,Cu 2-Sigma,Fe,Fe 2-Sigma,Hf,Hf 2-Sigma,Hg,Hg 2-Sigma,Mn,Mn 2-Sigma,Mo,Mo 2-Sigma,Nb,Nb 2-Sigma,Ni,Ni 2-Sigma,Pb,Pb 2-Sigma,Pd,Pd 2-Sigma,Rb,Rb 2-Sigma,Re,Re 2-Sigma,Sb,Sb 2-Sigma,Se,Se 2-Sigma,Sn,Sn 2-Sigma,Sr,Sr 2-Sigma,Ta,Ta 2-Sigma,Th,Th 2-Sigma,Ti,Ti 2-Sigma,U,U 2-Sigma,V,V 2-Sigma,W,W 2-Sigma,Y,Y 2-Sigma,Zn,Zn 2-Sigma,Zr,Zr 2-Sigma,
4458,Mining,19.58,19.22,,,,"Fri Jun 20, 2025 - 03:47:06",User,1.5,ppm,,,,,sample1,Mining,<LOD,9.9941,1.8086 , 1.3570,<LOD,4.5838,934843.0625 , 491.3696,<LOD,1.9210,<LOD,11.8010,<LOD,114.3515,1349.3251 , 61.4872,<LOD,10.4489,60300.2773 , 173.4674,<LOD,0.0000,<LOD,2.5515,889.7454 , 44.0887,<LOD,1.4364,<LOD,1.1358,2563.5601 , 31.7147,10.6811 , 1.3430,<LOD,10.2633,<LOD,0.9204,<LOD,0.0000,<LOD,20.7674,<LOD,1.2206,<LOD,13.5329,<LOD,0.4163,<LOD,0.0000,<LOD,1.6377,<LOD,160.2539,<LOD,1.7144,<LOD,95.3618,<LOD,0.0000,<LOD,0.8223,41.5116 , 3.2390,<LOD,0.9262,
4459,Mining,19.69,19.38,,,,"Fri Jun 20, 2025 - 03:53:44",User,1.5,ppm,,,,,sample1,Mining,<LOD,16.4039,1.7539 , 1.2934,<LOD,4.8974,937562.1875 , 489.9675,<LOD,1.9378,<LOD,11.9304,<LOD,143.4820,1421.1337 , 63.2083,<LOD,10.5668,57639.5977 , 171.4910,<LOD,0.0000,<LOD,2.6997,826.8312 , 43.5681,<LOD,1.4355,<LOD,1.1439,2483.9905 , 31.3326,7.6366 , 1.2731,18.8422 , 6.9982,<LOD,1.0091,<LOD,0.0000,<LOD,21.1347,<LOD,1.2434,<LOD,13.7616,<LOD,0.4190,<LOD,0.0000,<LOD,1.6828,<LOD,176.7738,<LOD,2.3240,<LOD,89.9758,<LOD,0.0000,<LOD,0.8141,38.0462 , 3.1774,<LOD,0.9248,
4460,Mining,20.61,19.91,,,,"Fri Jun 20, 2025 - 03:54:25",User,1.5,ppm,,,,,sample1,Mining,<LOD,13.2651,<LOD,2.6761,<LOD,4.8028,938113.1250 , 477.9790,<LOD,1.9617,<LOD,11.7576,<LOD,93.0647,1618.3677 , 65.7341,<LOD,13.4183,56946.7031 , 168.4424,<LOD,0.0000,<LOD,2.5920,832.8832 , 43.6529,<LOD,1.4151,<LOD,1.1521,2427.9351 , 30.6077,9.1545 , 1.3053,15.7040 , 6.8916,<LOD,1.0834,<LOD,0.0000,<LOD,20.8217,<LOD,1.2758,<LOD,13.5343,<LOD,0.4253,<LOD,0.0000,<LOD,1.7177,<LOD,173.2841,<LOD,1.7179,<LOD,88.8819,<LOD,0.0000,<LOD,0.8137,36.1299 , 3.0966,<LOD,0.9128,
4461,Mining,19.07,19.09,,,,"Fri Jun 20, 2025 - 03:55:29",User,1.5,ppm,,,,,sample1,Mining,<LOD,11.9108,<LOD,3.2773,<LOD,4.5002,934283.8125 , 515.4212,<LOD,1.9767,<LOD,12.0714,<LOD,137.6134,3478.2642 , 90.9991,<LOD,10.7308,58844.2500 , 175.0654,<LOD,0.0000,<LOD,2.6363,808.2860 , 48.1862,<LOD,1.4485,<LOD,1.1628,2517.3945 , 31.9303,15.4051 , 1.4788,<LOD,15.9358,<LOD,1.1142,<LOD,0.0000,<LOD,21.3543,<LOD,1.2270,<LOD,13.8842,<LOD,0.4397,<LOD,0.0000,<LOD,1.6865,<LOD,176.9845,<LOD,1.7873,<LOD,88.4875,<LOD,0.0000,<LOD,0.8213,52.5810 , 3.5474,<LOD,0.9367,
4462,Mining,20.28,19.54,,,,"Fri Jun 20, 2025 - 03:56:05",User,1.5,ppm,,,,,sample1,Mining,<LOD,9.9318,1.7900 , 1.4823,<LOD,4.4156,934971.9375 , 493.8450,<LOD,1.7217,<LOD,11.7058,<LOD,107.7674,3183.4414 , 85.1123,<LOD,10.3221,58530.9141 , 169.2201,<LOD,0.0000,<LOD,2.5127,785.0126 , 45.8452,<LOD,1.3997,<LOD,1.1283,2460.4902 , 30.6176,17.8994 , 1.4929,<LOD,16.5176,<LOD,0.9258,<LOD,0.0000,<LOD,20.6823,<LOD,1.2222,<LOD,13.4263,<LOD,0.4143,<LOD,0.0000,<LOD,1.5777,<LOD,168.6534,<LOD,1.6595,<LOD,84.8553,<LOD,0.0000,<LOD,0.8055,48.5556 , 3.3515,<LOD,0.9110,
4463,Mining,19.72,19.62,,,,"Fri Jun 20, 2025 - 03:57:29",User,1.5,ppm,,,,,sample2,Mining,20.1900 , 17.7609,2.2236 , 1.4049,<LOD,4.7915,937471.2500 , 525.0380,<LOD,2.0021,25.2674 , 10.1103,<LOD,141.5077,1130.9628 , 60.5069,<LOD,10.8473,57853.0664 , 177.5747,<LOD,0.0000,<LOD,2.8102,838.3421 , 44.6830,<LOD,1.4968,<LOD,1.1876,2512.5864 , 32.6518,9.3852 , 1.3808,52.4375 , 7.4399,<LOD,0.9795,<LOD,0.0000,18.6382 , 14.7305,<LOD,1.3056,26.7769 , 9.5697,<LOD,0.5270,<LOD,0.0000,<LOD,1.7882,<LOD,235.6777,<LOD,1.8319,<LOD,105.6678,<LOD,0.0000,<LOD,0.8663,38.9108 , 3.3159,<LOD,0.9602,
4464,Mining,19.28,19.25,,,,"Fri Jun 20, 2025 - 03:58:15",User,1.5,ppm,,,,,sample2,Mining,<LOD,9.8842,<LOD,3.8430,<LOD,4.4258,955512.4375 , 401.0874,<LOD,1.7186,<LOD,11.7636,<LOD,128.2282,1317.2527 , 64.9789,<LOD,15.0753,40883.0391 , 156.0959,<LOD,0.0000,<LOD,2.5211,587.1374 , 40.6486,<LOD,1.9135,<LOD,1.1411,1595.4385 , 25.6675,25.9456 , 1.6796,31.2194 , 6.9616,<LOD,1.0829,<LOD,0.0000,<LOD,20.6522,<LOD,1.1623,<LOD,13.3819,<LOD,0.4236,<LOD,0.0000,<LOD,2.5383,<LOD,176.1843,<LOD,1.6519,<LOD,90.3557,<LOD,0.0000,<LOD,0.8509,47.4935 , 3.3999,<LOD,0.9390,
4465,Mining,19.65,19.51,,,,"Fri Jun 20, 2025 - 03:58:43",User,1.5,ppm,,,,,sample2,Mining,12.4292 , 10.9342,1.9114 , 1.3849,<LOD,4.8509,937844.4375 , 503.9350,<LOD,1.9216,19.6618 , 8.2419,<LOD,136.3018,1225.2118 , 61.3542,<LOD,10.5790,57416.3047 , 175.2537,<LOD,0.0000,<LOD,2.7333,909.2587 , 45.5351,<LOD,1.4656,<LOD,1.1912,2484.5000 , 32.1165,10.0072 , 1.3659,39.8032 , 7.2831,<LOD,0.9605,<LOD,0.0000,<LOD,24.3004,<LOD,1.2111,<LOD,22.9325,<LOD,0.4499,<LOD,0.0000,<LOD,1.7304,<LOD,184.3791,<LOD,1.8139,<LOD,89.2630,<LOD,0.0000,<LOD,0.8419,36.4527 , 3.2138,<LOD,0.9328,
4466,Mining,19.89,19.72,,,,"Fri Jun 20, 2025 - 03:59:15",User,1.5,ppm,,,,,sample2,Mining,<LOD,9.8623,<LOD,2.4666,<LOD,4.7756,947703.3750 , 431.9966,<LOD,1.9869,<LOD,11.6578,<LOD,121.6718,1031.5261 , 57.0902,<LOD,10.9028,48484.0000 , 161.4365,<LOD,0.0000,<LOD,2.4994,685.0085 , 40.4665,<LOD,1.4114,<LOD,1.1358,2004.6478 , 28.0236,26.3278 , 1.6556,23.4670 , 6.8728,<LOD,0.9017,<LOD,0.0000,<LOD,20.5101,<LOD,1.1949,<LOD,13.3404,<LOD,0.4190,<LOD,0.0000,<LOD,1.7331,<LOD,175.0167,<LOD,1.6898,<LOD,84.2811,<LOD,0.0000,<LOD,0.8109,41.6115 , 3.2126,<LOD,0.9191,
4467,Mining,19.95,19.46,,,,"Fri Jun 20, 2025 - 03:59:43",User,1.5,ppm,,,,,sample2,Mining,17.3121 , 15.2296,2.8166 , 1.3754,<LOD,4.9675,936423.8125 , 514.1257,<LOD,2.1492,19.1167 , 8.2542,<LOD,127.5774,2137.8760 , 75.6802,<LOD,10.6295,58030.8008 , 175.5792,<LOD,0.0000,<LOD,2.7547,868.3881 , 46.8487,<LOD,1.4773,<LOD,1.1777,2407.0261 , 31.6178,7.8377 , 1.3214,43.8887 , 7.3062,<LOD,0.9596,<LOD,0.0000,<LOD,33.4273,<LOD,1.3198,<LOD,18.5365,<LOD,0.4337,<LOD,0.0000,<LOD,1.8296,<LOD,181.5206,<LOD,1.7926,<LOD,93.9510,<LOD,0.0000,<LOD,0.8218,41.1350 , 3.3303,<LOD,0.9453,
4468,Mining,19.41,19.18,,,,"Fri Jun 20, 2025 - 04:00:48",User,1.5,ppm,,,,,sample3,Mining,63.8734 , 56.1688,<LOD,3.9428,5.2372 , 4.1729,921032.1875 , 679.7582,<LOD,2.5057,97.3914 , 38.9558,<LOD,146.2242,427.0059 , 48.9119,<LOD,16.9976,73466.5312 , 208.2967,<LOD,0.0000,<LOD,4.2804,1009.1534 , 50.0061,<LOD,1.6784,<LOD,1.3335,3180.0505 , 40.7877,17.0867 , 1.7694,110.8134 , 8.6074,<LOD,1.1400,<LOD,0.0000,149.6776 , 121.7533,<LOD,1.5697,219.3712 , 11.2110,<LOD,0.5154,<LOD,0.0000,<LOD,2.1373,156.1193 , 127.0419,<LOD,2.0753,<LOD,103.1059,<LOD,0.0000,<LOD,0.9925,65.4777 , 4.4335,<LOD,1.1618,
4469,Mining,19.92,19.35,,,,"Fri Jun 20, 2025 - 04:01:31",User,1.5,ppm,,,,,sample3,Mining,50.4908 , 44.4047,2.7903 , 1.6461,8.9859 , 4.2989,915573.9375 , 702.5215,<LOD,2.3539,76.7915 , 30.7190,<LOD,157.7894,404.0892 , 46.4136,<LOD,20.9970,78707.5547 , 206.9636,<LOD,0.0000,<LOD,3.1159,1153.1304 , 50.4819,<LOD,2.0179,<LOD,1.3688,3525.6055 , 41.6626,12.3441 , 1.6099,102.2791 , 8.4050,<LOD,1.1220,<LOD,0.0000,110.7004 , 90.0564,<LOD,1.6258,186.7659 , 10.9245,<LOD,0.4850,<LOD,0.0000,<LOD,2.0316,<LOD,260.9122,<LOD,2.4021,<LOD,99.3914,<LOD,0.0000,<LOD,0.9464,84.5131 , 4.7253,<LOD,1.0709,
4470,Mining,19.82,19.36,,,,"Fri Jun 20, 2025 - 04:02:11",User,1.5,ppm,,,,,sample3,Mining,54.5477 , 47.9719,<LOD,3.7761,<LOD,5.8972,919049.3750 , 687.9138,<LOD,2.4643,68.6154 , 27.4479,<LOD,144.3402,344.8084 , 45.8384,<LOD,17.1518,75625.4375 , 206.2205,<LOD,0.0000,<LOD,3.1560,1053.0852 , 49.4489,<LOD,2.6711,<LOD,1.4963,3283.6406 , 40.6577,12.0661 , 1.6207,108.1502 , 8.4639,<LOD,1.1099,<LOD,0.0000,119.7903 , 97.4498,<LOD,1.5484,195.2139 , 10.9850,<LOD,0.5415,<LOD,0.0000,<LOD,2.0815,<LOD,221.6604,<LOD,2.0610,<LOD,155.7996,<LOD,0.0000,<LOD,0.9640,85.2989 , 4.7726,<LOD,1.1224,
4471,Mining,19.59,19.52,,,,"Fri Jun 20, 2025 - 04:02:45",User,1.5,ppm,,,,,sample3,Mining,57.4324 , 50.5075,2.9823 , 1.6863,<LOD,5.6932,918938.8125 , 688.1364,<LOD,2.4012,70.1316 , 28.0536,<LOD,132.8195,427.9014 , 48.2639,<LOD,19.4057,75281.8438 , 207.3151,<LOD,0.0000,<LOD,3.2821,1009.1196 , 49.3666,1.9171 , 1.1337,1.5359 , 0.9154,3316.6641 , 41.1567,12.4884 , 1.6487,118.3280 , 8.5907,<LOD,1.0966,<LOD,0.0000,133.5030 , 108.6022,<LOD,1.4772,217.4256 , 11.1437,<LOD,0.6231,<LOD,0.0000,<LOD,2.1454,321.1197 , 129.4776,<LOD,2.0961,<LOD,103.5327,<LOD,0.0000,<LOD,0.9455,88.8039 , 4.8876,<LOD,1.2076,
4472,Mining,19.08,19.15,,,,"Fri Jun 20, 2025 - 04:03:12",User,1.5,ppm,,,,,sample3,Mining,64.4894 , 56.7091,<LOD,3.7701,6.9457 , 4.4112,925181.1250 , 679.1309,<LOD,2.5256,99.3167 , 39.7249,104.1581 , 77.7132,380.5215 , 49.8468,<LOD,15.6402,69379.8906 , 209.7186,<LOD,0.0000,<LOD,3.3095,957.9097 , 50.6994,<LOD,1.6956,<LOD,1.3390,2992.4146 , 40.4761,14.7166 , 1.7659,108.5092 , 8.7958,<LOD,1.1763,<LOD,0.0000,164.4999 , 133.8069,<LOD,1.7183,235.2990 , 11.4920,<LOD,0.5245,<LOD,0.0000,<LOD,2.1930,244.1301 , 135.5692,<LOD,2.1605,<LOD,181.5675,<LOD,0.0000,<LOD,0.9545,66.0565 , 4.5652,<LOD,1.1130,
4473,Mining,19.20,19.25,,,,"Fri Jun 20, 2025 - 04:04:07",User,1.5,ppm,,,,,sample3,Mining,69.7497 , 61.3307,3.2343 , 1.7594,5.8954 , 4.3048,928707.1250 , 652.4324,<LOD,2.2670,112.9536 , 45.1764,<LOD,131.4409,450.0532 , 52.0427,<LOD,18.7180,65852.3359 , 206.3319,<LOD,0.0000,<LOD,4.7353,949.7837 , 50.7462,<LOD,1.6830,<LOD,1.3390,2830.6699 , 39.4591,13.3358 , 1.7090,123.1080 , 8.7780,<LOD,1.5573,<LOD,0.0000,196.5756 , 159.8871,<LOD,1.6344,273.1526 , 11.4656,<LOD,0.5188,<LOD,0.0000,<LOD,2.0152,277.7102 , 137.8863,<LOD,2.1688,77.6668 , 69.3910,<LOD,0.0000,<LOD,0.9613,56.6313 , 4.3207,<LOD,1.0786,
4474,Mining,19.53,19.14,,,,"Fri Jun 20, 2025 - 04:12:47",User,1.5,ppm,,,,,sample4,Mining,<LOD,9.4147,4.6756 , 1.4959,<LOD,4.5995,950161.0000 , 417.9942,<LOD,1.9385,<LOD,11.1282,<LOD,124.1562,4264.9551 , 105.0598,<LOD,16.4805,42736.6523 , 159.9619,<LOD,0.0000,<LOD,2.7857,628.8156 , 48.8222,<LOD,1.3848,<LOD,1.1181,2145.8931 , 29.8293,11.8701 , 1.3966,<LOD,9.3873,<LOD,1.0200,<LOD,0.0000,<LOD,19.6138,<LOD,1.2239,<LOD,12.7332,<LOD,0.7449,<LOD,0.0000,<LOD,1.7403,<LOD,180.1373,<LOD,1.6936,<LOD,91.5664,<LOD,0.0000,<LOD,0.7928,46.1808 , 3.4237,<LOD,0.9027,
4475,Mining,19.54,19.60,,,,"Fri Jun 20, 2025 - 04:13:26",User,1.5,ppm,,,,,sample4,Mining,<LOD,9.1197,3.6108 , 1.4171,<LOD,4.5159,952282.4375 , 378.0966,<LOD,1.6795,<LOD,10.7679,78.4918 , 55.4223,245.4954 , 39.9277,<LOD,10.9668,44485.4414 , 157.4351,<LOD,0.0000,<LOD,2.5453,607.3829 , 37.5246,<LOD,1.3444,<LOD,1.0854,2253.0088 , 29.7128,11.7550 , 1.3532,<LOD,9.0863,<LOD,0.9020,<LOD,0.0000,<LOD,19.0113,<LOD,1.1669,<LOD,12.3625,0.7231 , 0.2991,<LOD,0.0000,<LOD,1.6165,<LOD,167.4057,<LOD,1.6589,<LOD,86.3860,<LOD,0.0000,<LOD,0.7727,31.6707 , 2.9847,<LOD,0.8961,
4476,Mining,20.45,19.96,,,,"Fri Jun 20, 2025 - 04:14:00",User,1.5,ppm,,,,,sample4,Mining,<LOD,8.9805,3.3352 , 1.4165,<LOD,4.3131,948751.4375 , 389.1855,<LOD,1.7371,<LOD,10.5916,<LOD,81.8205,1083.1027 , 57.0070,<LOD,12.8179,47131.6445 , 156.1012,<LOD,0.0000,<LOD,2.5477,641.1517 , 39.0585,<LOD,1.3174,<LOD,1.0680,2336.6980 , 29.3870,14.0510 , 1.3651,<LOD,8.9549,<LOD,0.8477,<LOD,0.0000,<LOD,18.6875,<LOD,1.1266,<LOD,12.1246,<LOD,0.5117,<LOD,0.0000,<LOD,1.5524,<LOD,164.2390,<LOD,1.6036,<LOD,81.4738,<LOD,0.0000,<LOD,0.7678,38.5408 , 3.0682,<LOD,0.8821,
4477,Mining,19.65,19.66,,,,"Fri Jun 20, 2025 - 04:14:38",User,1.5,ppm,,,,,sample4,Mining,<LOD,9.3154,3.8591 , 1.5539,<LOD,4.6467,952811.5625 , 389.1118,<LOD,1.8610,<LOD,10.9714,<LOD,110.9866,793.6072 , 54.5200,<LOD,10.2274,43587.1328 , 159.2256,<LOD,0.0000,<LOD,2.6543,596.2758 , 39.5374,<LOD,1.3890,<LOD,1.0996,2164.5686 , 29.7548,16.7134 , 1.4928,<LOD,9.2698,<LOD,0.9230,<LOD,0.0000,<LOD,19.3751,<LOD,1.1929,<LOD,12.5516,<LOD,0.5129,<LOD,0.0000,<LOD,1.6833,<LOD,182.1061,<LOD,1.7216,<LOD,89.9772,<LOD,0.0000,<LOD,0.8175,26.2286 , 2.8931,<LOD,0.9021,
4478,Mining,19.89,19.28,,,,"Fri Jun 20, 2025 - 04:15:10",User,1.5,ppm,,,,,sample4,Mining,<LOD,9.7549,2.6900 , 1.5377,<LOD,4.9658,948050.6250 , 428.8402,<LOD,1.9905,<LOD,11.5137,<LOD,114.6217,1345.7714 , 65.0612,<LOD,15.9891,47478.9180 , 164.4812,<LOD,0.0000,<LOD,2.8257,648.0668 , 41.9551,<LOD,1.4173,<LOD,1.1272,2418.3325 , 31.5031,16.4288 , 1.5163,<LOD,9.9002,<LOD,0.9243,<LOD,0.0000,<LOD,20.4153,<LOD,1.3003,<LOD,13.2421,<LOD,0.7380,<LOD,0.0000,<LOD,1.8248,<LOD,187.2741,<LOD,1.7297,<LOD,92.3137,<LOD,0.0000,<LOD,0.8191,39.2084 , 3.2682,<LOD,0.9281,
4479,Mining,19.76,19.88,,,,"Fri Jun 20, 2025 - 04:15:44",User,1.5,ppm,,,,,sample4,Mining,<LOD,9.0034,2.1831 , 1.3043,<LOD,4.3412,944356.3750 , 406.5759,<LOD,1.8108,<LOD,10.6407,<LOD,118.3450,298.4010 , 38.8411,<LOD,10.2650,51859.6562 , 158.9863,<LOD,0.0000,<LOD,2.5079,704.2989 , 37.3062,<LOD,1.3185,<LOD,1.0656,2734.7773 , 31.1635,10.9132 , 1.2819,<LOD,9.0185,<LOD,0.8571,<LOD,0.0000,<LOD,18.7586,<LOD,1.1477,<LOD,12.1846,<LOD,0.4027,<LOD,0.0000,<LOD,1.6221,<LOD,158.2321,<LOD,1.6665,<LOD,81.0871,<LOD,0.0000,<LOD,0.7779,33.3977 , 2.8951,<LOD,0.8520,
4480,Mining,19.76,19.65,,,,"Fri Jun 20, 2025 - 04:16:14",User,1.5,ppm,,,,,sample4,Mining,<LOD,9.2448,<LOD,3.1502,<LOD,4.4434,937713.0625 , 439.7521,<LOD,1.7941,<LOD,10.9014,<LOD,87.3821,132.1605 , 34.0532,<LOD,17.2747,58250.0469 , 165.1552,<LOD,0.0000,<LOD,2.4538,736.4749 , 37.2440,<LOD,1.3723,<LOD,1.1056,3118.0229 , 33.2171,12.5718 , 1.3232,<LOD,9.2801,<LOD,0.9049,<LOD,0.0000,<LOD,19.2150,<LOD,1.1487,<LOD,12.4976,<LOD,0.4787,<LOD,0.0000,<LOD,1.5603,<LOD,160.1164,<LOD,1.6703,<LOD,82.7488,<LOD,0.0000,<LOD,0.7936,37.6582 , 3.0241,<LOD,0.8861,
4481,Mining,20.01,19.24,,,,"Fri Jun 20, 2025 - 04:16:48",User,1.5,ppm,,,,,sample4,Mining,<LOD,8.9347,1.5384 , 1.2978,<LOD,3.9090,940379.5000 , 416.4890,<LOD,1.8229,<LOD,10.5543,<LOD,84.9820,228.2579 , 36.2684,<LOD,10.5493,55637.5508 , 161.1384,<LOD,0.0000,<LOD,2.3544,755.2921 , 37.4688,<LOD,1.3326,<LOD,1.0632,2953.3765 , 32.0078,12.2877 , 1.2898,<LOD,8.8747,<LOD,0.8942,<LOD,0.0000,<LOD,18.5644,<LOD,1.0556,<LOD,12.0445,<LOD,0.4125,<LOD,0.0000,<LOD,1.5110,<LOD,158.9738,<LOD,1.6430,<LOD,78.8924,<LOD,0.0000,<LOD,0.7693,32.2314 , 2.8417,<LOD,0.8670,
4482,Mining,20.31,19.95,,,,"Fri Jun 20, 2025 - 04:17:31",User,1.5,ppm,,,,,sample4,Mining,<LOD,8.4749,<LOD,2.0817,<LOD,4.1698,947284.5625 , 371.3694,<LOD,1.6864,<LOD,9.9757,<LOD,97.8174,197.0594 , 35.5065,<LOD,9.8431,49245.2578 , 153.7170,<LOD,0.0000,<LOD,2.2681,654.6385 , 35.6238,<LOD,1.2854,<LOD,1.0326,2581.1208 , 29.7595,12.6881 , 1.2840,<LOD,8.2996,<LOD,0.8542,<LOD,0.0000,<LOD,17.5469,<LOD,1.0910,<LOD,11.4160,<LOD,0.4019,<LOD,0.0000,<LOD,1.5095,<LOD,145.7559,<LOD,1.5590,<LOD,77.3633,<LOD,0.0000,<LOD,0.7275,24.6558 , 2.6094,<LOD,0.8380,
4483,Mining,20.04,19.74,,,,"Fri Jun 20, 2025 - 04:18:06",User,1.5,ppm,,,,,sample4,Mining,<LOD,8.6129,<LOD,2.8197,<LOD,3.9248,940048.3750 , 401.2318,<LOD,1.6764,<LOD,10.1135,<LOD,91.4535,226.5218 , 35.4417,<LOD,10.4030,55942.9102 , 158.1763,<LOD,0.0000,<LOD,2.3608,741.4506 , 36.3744,<LOD,1.3009,<LOD,1.0403,3000.3833 , 31.5413,10.8829 , 1.2416,<LOD,8.4291,0.8836 , 0.5631,<LOD,0.0000,<LOD,17.7758,<LOD,1.0939,<LOD,11.5502,<LOD,0.4031,<LOD,0.0000,<LOD,1.5183,<LOD,142.0709,<LOD,1.4627,<LOD,77.4505,<LOD,0.0000,<LOD,0.7319,28.5906 , 2.6885,<LOD,0.8465,
4484,Mining,19.87,19.88,,,,"Fri Jun 20, 2025 - 04:19:04",User,1.5,ppm,,,,,sample4,Mining,<LOD,8.8851,3.1674 , 1.3503,<LOD,4.1965,938096.3750 , 423.1510,<LOD,1.6692,<LOD,10.4574,<LOD,111.0664,343.1598 , 38.4189,<LOD,10.4606,57664.5859 , 160.8203,<LOD,0.0000,<LOD,2.8828,795.7448 , 37.6828,<LOD,1.3279,<LOD,1.0735,3046.5876 , 32.0077,13.4134 , 1.3060,<LOD,8.8170,<LOD,0.8729,<LOD,0.0000,<LOD,18.4199,<LOD,1.1143,<LOD,11.9675,<LOD,0.6290,<LOD,0.0000,<LOD,1.4864,<LOD,152.8647,<LOD,1.6373,<LOD,77.2386,<LOD,0.0000,<LOD,0.7926,36.9708 , 2.9150,<LOD,0.8706,
4485,Mining,19.37,19.42,,,,"Fri Jun 20, 2025 - 04:19:51",User,1.5,ppm,,,,,sample4,Mining,<LOD,9.5454,2.6779 , 1.5493,<LOD,4.5565,935605.9375 , 463.0302,<LOD,1.9483,<LOD,11.2319,<LOD,92.8630,455.8603 , 44.1320,<LOD,12.4629,59878.4922 , 176.0040,<LOD,0.0000,<LOD,2.5988,805.9379 , 41.0767,<LOD,1.4301,<LOD,1.1465,3198.7070 , 35.3911,18.4691 , 1.5264,<LOD,9.4384,<LOD,0.9649,<LOD,0.0000,<LOD,19.7811,<LOD,1.1869,<LOD,12.8607,<LOD,0.4391,<LOD,0.0000,<LOD,1.7077,<LOD,156.4446,<LOD,1.7126,<LOD,82.6984,<LOD,0.0000,<LOD,0.7999,33.8969 , 3.0785,<LOD,0.9316,
4486,Mining,19.48,19.39,,,,"Fri Jun 20, 2025 - 04:20:40",User,1.5,ppm,,,,,sample4,Mining,<LOD,8.7454,2.1864 , 1.8465,<LOD,4.2266,941846.3750 , 407.2298,<LOD,1.8149,<LOD,10.3112,<LOD,83.7270,1852.3877 , 66.8093,<LOD,12.0470,52799.5508 , 159.2564,<LOD,0.0000,<LOD,2.2355,702.2147 , 40.5858,<LOD,1.2952,<LOD,1.0571,2716.0122 , 30.8562,43.5111 , 1.8789,<LOD,8.5902,<LOD,0.8830,<LOD,0.0000,<LOD,18.1198,<LOD,1.0897,<LOD,11.7980,<LOD,0.3828,<LOD,0.0000,<LOD,1.6986,<LOD,148.7043,<LOD,1.6091,<LOD,74.7326,<LOD,0.0000,<LOD,0.7758,37.7316 , 2.9735,<LOD,0.8726,
4487,Mining,20.21,19.55,,,,"Fri Jun 20, 2025 - 04:21:19",User,1.5,ppm,,,,,sample4,Mining,<LOD,8.8938,2.8563 , 1.4861,<LOD,4.4040,944518.4375 , 401.6973,<LOD,1.8423,<LOD,10.5149,<LOD,123.2262,243.0274 , 37.4364,<LOD,10.3645,51836.5938 , 158.9216,<LOD,0.0000,<LOD,2.2968,656.1299 , 36.3115,<LOD,1.3305,<LOD,1.0508,2687.2898 , 30.9010,19.5422 , 1.4620,<LOD,8.8708,<LOD,0.8923,<LOD,0.0000,<LOD,18.5348,<LOD,1.1526,<LOD,12.0398,<LOD,0.4608,<LOD,0.0000,<LOD,1.6039,<LOD,152.1485,<LOD,1.6355,<LOD,82.1498,<LOD,0.0000,<LOD,0.7548,36.1626 , 2.9573,<LOD,0.8706,
4488,Mining,20.16,19.75,,,,"Fri Jun 20, 2025 - 04:21:52",User,1.5,ppm,,,,,sample4,Mining,<LOD,9.1455,3.0972 , 1.6920,<LOD,4.7965,951255.2500 , 384.8711,<LOD,1.9379,<LOD,10.8227,<LOD,89.1422,269.4519 , 40.7007,<LOD,13.9062,45523.0625 , 159.0232,<LOD,0.0000,<LOD,2.4951,612.5858 , 37.7848,<LOD,1.3351,<LOD,1.0775,2281.0615 , 30.0720,26.2411 , 1.6743,<LOD,9.0977,<LOD,0.8999,<LOD,0.0000,<LOD,19.0879,<LOD,1.1996,<LOD,12.4197,<LOD,0.4317,<LOD,0.0000,<LOD,1.7561,<LOD,171.5011,<LOD,1.6775,<LOD,87.5381,<LOD,0.0000,<LOD,0.7923,29.2486 , 2.9395,<LOD,0.8804,
4489,Mining,19.35,19.32,,,,"Fri Jun 20, 2025 - 04:24:55",User,1.5,ppm,,,,,sample5,Mining,16.5478 , 14.5560,8.0525 , 1.7573,<LOD,5.3598,927928.6875 , 585.1561,<LOD,2.1672,32.3820 , 12.9563,<LOD,136.6653,455.6648 , 47.4453,15.2022 , 7.7063,65517.5938 , 189.0565,<LOD,0.0000,<LOD,3.0153,1235.2177 , 50.3172,<LOD,1.5480,10.2807 , 0.9556,2339.8423 , 32.7262,14.7988 , 1.5761,34.0542 , 7.5944,5.2096 , 0.8416,<LOD,0.0000,40.0453 , 32.5838,<LOD,1.3927,66.9927 , 9.9301,8.5343 , 0.4477,<LOD,0.0000,<LOD,1.9596,2051.9758 , 165.0058,<LOD,1.9102,133.3595 , 70.6267,<LOD,0.0000,<LOD,0.9613,76.3992 , 4.2972,9.1790 , 0.8399,
4490,Mining,19.74,19.62,,,,"Fri Jun 20, 2025 - 04:25:49",User,1.5,ppm,,,,,sample5,Mining,22.0908 , 19.4312,5.2686 , 1.6793,<LOD,5.1117,937261.0625 , 525.7422,<LOD,2.2923,37.7242 , 15.0933,<LOD,112.7217,719.6553 , 53.8563,25.1310 , 7.3530,57146.0195 , 178.8585,<LOD,0.0000,<LOD,2.9290,1084.5944 , 48.5751,<LOD,1.5074,6.5221 , 0.8949,1953.9242 , 29.6373,16.2742 , 1.5793,44.6292 , 7.4401,3.4222 , 0.8074,<LOD,0.0000,53.4875 , 43.5200,<LOD,1.3424,97.3645 , 9.7189,6.2688 , 0.4089,<LOD,0.0000,<LOD,1.9997,1314.1599 , 151.9359,<LOD,1.9659,134.2437 , 69.1719,<LOD,0.0000,<LOD,0.9324,62.3580 , 3.9436,5.8215 , 0.7698,
4491,Mining,19.16,19.29,,,,"Fri Jun 20, 2025 - 04:26:41",User,1.5,ppm,,,,,sample5,Mining,14.2647 , 12.5482,4.9643 , 1.7815,<LOD,5.3752,937749.2500 , 538.7081,<LOD,2.1965,22.3852 , 8.5519,<LOD,157.9184,610.8412 , 52.9861,21.8344 , 7.5527,56402.5156 , 183.9174,<LOD,0.0000,<LOD,3.0731,1032.3467 , 48.9841,<LOD,1.5410,6.9911 , 0.9210,1987.5394 , 30.8064,19.4494 , 1.7052,22.7168 , 7.4975,4.8439 , 0.8346,<LOD,0.0000,36.4064 , 29.6239,<LOD,1.4364,57.1962 , 9.8178,5.6542 , 0.4120,<LOD,0.0000,<LOD,1.9998,1821.0222 , 167.6653,<LOD,1.9032,109.2901 , 72.1416,<LOD,0.0000,<LOD,0.9634,63.6226 , 4.0863,6.8406 , 0.8052,
4492,Mining,19.63,18.91,,,,"Fri Jun 20, 2025 - 04:27:21",User,1.5,ppm,,,,,sample5,Mining,28.5587 , 25.1213,5.8025 , 1.8176,<LOD,5.4216,919637.3125 , 634.3962,<LOD,2.1413,31.3236 , 12.5329,<LOD,142.5686,688.4184 , 51.4218,25.9514 , 8.1245,72803.3516 , 193.4778,<LOD,0.0000,<LOD,3.0550,1504.8906 , 53.4997,<LOD,2.4953,14.0571 , 1.0033,2636.6099 , 34.3271,21.9131 , 1.7243,64.4448 , 7.8509,5.9899 , 0.8917,<LOD,0.0000,25.0119 , 20.3517,<LOD,1.4136,36.4496 , 10.1047,9.2518 , 0.4563,<LOD,0.0000,<LOD,1.8500,2246.6506 , 163.4862,<LOD,2.0355,123.6457 , 68.9286,<LOD,0.0000,<LOD,1.0195,79.7858 , 4.3440,10.5939 , 0.8588,
4493,Mining,20.50,19.94,,,,"Fri Jun 20, 2025 - 04:28:24",User,1.5,ppm,,,,,sample5,Mining,37.6291 , 33.0946,4.1315 , 1.7006,<LOD,5.3884,938009.7500 , 534.9089,<LOD,2.0512,69.6035 , 27.8446,<LOD,112.0628,969.2890 , 59.9473,16.1166 , 7.2323,56083.0781 , 179.3803,<LOD,0.0000,<LOD,4.0560,1106.0702 , 50.0904,<LOD,1.5279,5.4164 , 0.8894,1906.5278 , 29.6110,18.0026 , 1.6505,77.5027 , 7.6771,1.7686 , 0.7537,<LOD,0.0000,102.9744 , 83.7744,<LOD,1.4255,163.0266 , 10.0041,5.1577 , 0.3983,<LOD,0.0000,<LOD,2.5140,1205.5688 , 151.9881,<LOD,1.9398,162.2590 , 70.7440,<LOD,0.0000,<LOD,0.9370,52.1338 , 3.7611,4.0049 , 0.7523,
4494,Mining,19.66,19.44,,,,"Fri Jun 20, 2025 - 04:29:39",User,1.5,ppm,,,,,sample5,Mining,<LOD,8.7914,7.1058 , 1.6017,<LOD,4.3902,937538.3125 , 429.1167,<LOD,1.7591,<LOD,10.3389,<LOD,104.2736,1331.2925 , 58.4765,<LOD,10.1299,57627.4062 , 163.7872,<LOD,0.0000,<LOD,2.3897,801.9601 , 40.8627,<LOD,1.3429,6.6071 , 0.8109,2571.0227 , 30.2843,20.0215 , 1.4725,<LOD,8.6115,<LOD,1.1572,<LOD,0.0000,<LOD,18.2251,<LOD,1.1163,<LOD,11.8740,29.5924 , 0.5911,<LOD,0.0000,<LOD,1.5847,<LOD,168.8227,<LOD,1.7526,<LOD,79.7190,<LOD,0.0000,<LOD,0.8161,64.9590 , 3.5644,1.7738 , 0.6946,
4495,Mining,20.03,19.79,,,,"Fri Jun 20, 2025 - 04:30:15",User,1.5,ppm,,,,,sample5,Mining,<LOD,9.1182,7.0910 , 1.5556,<LOD,4.4043,937106.1250 , 445.9148,<LOD,1.9128,<LOD,10.7041,<LOD,87.6164,2052.5820 , 70.0772,<LOD,14.9036,57288.9453 , 165.0240,<LOD,0.0000,<LOD,2.4826,811.6512 , 43.0851,<LOD,1.3571,9.8172 , 0.8533,2604.4402 , 30.7926,15.7125 , 1.4149,<LOD,9.0491,<LOD,1.0501,<LOD,0.0000,<LOD,18.8650,<LOD,1.1796,<LOD,12.2726,32.7588 , 0.6231,<LOD,0.0000,<LOD,1.7235,<LOD,172.0951,<LOD,1.8063,<LOD,85.9665,<LOD,0.0000,<LOD,0.8532,67.8720 , 3.6742,3.0466 , 0.7269,
4496,Mining,19.42,19.32,,,,"Fri Jun 20, 2025 - 04:30:49",User,1.5,ppm,,,,,sample5,Mining,<LOD,9.0519,5.9030 , 1.5362,<LOD,4.4261,934978.6250 , 457.6411,<LOD,1.7498,<LOD,10.6733,<LOD,92.6029,1023.3567 , 53.9405,<LOD,12.4609,60250.9609 , 168.4196,<LOD,0.0000,<LOD,2.4424,880.4234 , 41.9001,<LOD,1.3602,7.0754 , 0.8290,2737.3213 , 31.7009,16.5144 , 1.4224,<LOD,8.9347,<LOD,0.8967,<LOD,0.0000,<LOD,18.7586,<LOD,1.1374,<LOD,12.2102,21.3722 , 0.5326,<LOD,0.0000,<LOD,1.5326,<LOD,211.5134,<LOD,1.6887,<LOD,85.3010,<LOD,0.0000,<LOD,0.8021,76.1614 , 3.8454,2.2967 , 0.6956,
4497,Mining,19.99,19.32,,,,"Fri Jun 20, 2025 - 04:31:43",User,1.5,ppm,,,,,sample5,Mining,<LOD,9.3984,5.7298 , 1.5570,<LOD,4.7507,936373.1250 , 459.5460,<LOD,1.7210,<LOD,11.0723,<LOD,90.4861,1343.9998 , 60.6963,<LOD,15.5774,58739.6250 , 169.3324,<LOD,0.0000,<LOD,2.4258,778.8816 , 41.8947,<LOD,1.3892,4.6676 , 0.8180,2657.5488 , 31.7949,16.1078 , 1.4553,<LOD,9.3969,<LOD,0.9596,<LOD,0.0000,<LOD,19.5298,<LOD,1.2304,<LOD,12.6973,18.0968 , 0.5108,<LOD,0.0000,<LOD,1.8246,<LOD,173.9293,<LOD,1.7757,<LOD,86.8967,<LOD,0.0000,<LOD,0.8296,60.9186 , 3.6200,1.3275 , 0.6892,
4498,Mining,20.09,19.90,,,,"Fri Jun 20, 2025 - 04:32:18",User,1.5,ppm,,,,,sample5,Mining,<LOD,8.7114,4.1513 , 1.5069,<LOD,4.1703,933091.1875 , 438.9377,<LOD,1.8299,<LOD,10.2755,<LOD,94.1629,1058.8861 , 52.1670,<LOD,13.5894,62028.2656 , 163.1906,<LOD,0.0000,<LOD,2.4576,878.0206 , 40.1874,<LOD,1.3243,6.5941 , 0.7930,2815.7305 , 30.8685,20.5204 , 1.4547,<LOD,8.5833,<LOD,0.8511,<LOD,0.0000,<LOD,18.0654,<LOD,1.1024,<LOD,11.7412,21.9837 , 0.5176,<LOD,0.0000,<LOD,1.6002,<LOD,161.0958,<LOD,1.6030,<LOD,80.8075,<LOD,0.0000,<LOD,0.7720,73.3232 , 3.6461,1.3042 , 0.6595,
4499,Mining,20.09,19.29,,,,"Fri Jun 20, 2025 - 04:35:10",User,1.5,ppm,,,,,sample6,Mining,<LOD,9.5045,2.1389 , 1.2925,<LOD,4.4716,929061.1875 , 495.5529,<LOD,1.8878,<LOD,11.2119,<LOD,92.6014,1244.5096 , 57.4499,14.8748 , 7.2348,65201.9297 , 172.8064,<LOD,0.0000,<LOD,2.6670,1012.6671 , 44.2099,<LOD,1.4131,5.1889 , 0.8270,2629.9617 , 31.3000,8.5474 , 1.2671,<LOD,9.5734,<LOD,1.6380,<LOD,0.0000,<LOD,19.8050,<LOD,1.2009,<LOD,12.8672,26.0246 , 0.5775,<LOD,0.0000,<LOD,1.6437,738.9769 , 122.8897,<LOD,1.8543,<LOD,91.6824,<LOD,0.0000,<LOD,0.8691,51.1759 , 3.3878,2.7940 , 0.7210,
4500,Mining,19.41,19.01,,,,"Fri Jun 20, 2025 - 04:35:34",User,1.5,ppm,,,,,sample6,Mining,<LOD,9.0372,1.6834 , 1.3049,<LOD,4.4081,927503.0625 , 496.9891,<LOD,1.7358,<LOD,10.6434,<LOD,106.8197,1926.3304 , 67.0585,10.9076 , 7.0024,64784.4492 , 171.3113,<LOD,0.0000,<LOD,2.4376,1073.0438 , 45.8788,<LOD,1.3512,2.9711 , 0.7918,2552.2620 , 30.5519,10.9274 , 1.3037,<LOD,8.9232,2.6310 , 0.7108,<LOD,0.0000,<LOD,18.7916,<LOD,1.1777,<LOD,12.1855,20.9889 , 0.5268,<LOD,0.0000,<LOD,1.5832,2040.7511 , 146.6452,<LOD,1.7945,<LOD,131.1209,<LOD,0.0000,<LOD,0.8288,66.3730 , 3.6398,3.6208 , 0.7129,
4501,Mining,19.48,19.23,,,,"Fri Jun 20, 2025 - 04:36:01",User,1.5,ppm,,,,,sample6,Mining,<LOD,9.4433,2.5090 , 1.3388,<LOD,4.7547,933744.9375 , 484.4922,<LOD,1.9959,<LOD,11.1098,<LOD,90.1698,2750.5156 , 80.3949,<LOD,11.3492,59112.9570 , 170.9777,<LOD,0.0000,<LOD,2.7955,987.2252 , 47.8865,<LOD,1.4150,<LOD,1.4722,2054.9333 , 28.2151,9.5948 , 1.3001,<LOD,9.4176,1.9687 , 0.6975,<LOD,0.0000,<LOD,19.5761,<LOD,1.1961,<LOD,12.7258,18.3825 , 0.5146,<LOD,0.0000,<LOD,1.7696,1255.6755 , 137.7838,<LOD,1.7902,<LOD,95.5493,<LOD,0.0000,<LOD,0.8583,58.2639 , 3.5629,3.0005 , 0.7133,
4502,Mining,20.64,19.93,,,,"Fri Jun 20, 2025 - 04:36:27",User,1.5,ppm,,,,,sample6,Mining,<LOD,9.3378,<LOD,2.3014,<LOD,4.3052,923994.0000 , 520.7192,<LOD,1.7712,<LOD,10.9982,<LOD,91.3763,4922.5146 , 97.4858,<LOD,10.9746,65867.4844 , 170.6858,<LOD,0.0000,<LOD,2.5799,1072.8391 , 50.6888,<LOD,1.3746,1.1834 , 0.7719,2451.5627 , 29.7162,12.6782 , 1.3330,<LOD,9.3512,2.3130 , 0.7043,<LOD,0.0000,<LOD,19.3941,<LOD,1.1262,<LOD,12.6049,17.7016 , 0.4937,<LOD,0.0000,<LOD,1.5716,1574.5822 , 135.6929,<LOD,1.8048,<LOD,92.9986,<LOD,0.0000,<LOD,0.8361,78.6428 , 3.8397,4.5221 , 0.7127,
4503,Mining,20.21,19.92,,,,"Fri Jun 20, 2025 - 04:36:55",User,1.5,ppm,,,,,sample6,Mining,<LOD,9.9798,3.9452 , 1.3519,<LOD,4.6174,916962.2500 , 578.7366,<LOD,2.1502,<LOD,11.7411,<LOD,96.8255,2659.9292 , 74.9051,13.4001 , 7.3502,74679.2422 , 179.2539,<LOD,0.0000,<LOD,2.5982,1297.6768 , 49.6898,<LOD,1.4549,2.3117 , 0.8116,2788.1616 , 32.1292,7.7367 , 1.2708,<LOD,10.2057,1.5802 , 0.7107,<LOD,0.0000,<LOD,20.7696,<LOD,1.2672,<LOD,13.5011,14.1542 , 0.4697,<LOD,0.0000,<LOD,1.8457,1477.6307 , 133.8211,<LOD,1.9659,<LOD,163.4366,<LOD,0.0000,<LOD,0.8854,89.0353 , 4.1142,2.9355 , 0.7073,
4504,Mining,19.57,19.10,,,,"Fri Jun 20, 2025 - 04:39:34",User,1.5,ppm,,,,,sample7,Mining,<LOD,9.6465,<LOD,2.8401,<LOD,4.7787,929594.3750 , 508.1756,<LOD,1.8991,<LOD,11.3510,<LOD,91.8612,4903.4385 , 100.9959,<LOD,15.6841,62121.1133 , 172.0946,<LOD,0.0000,<LOD,4.2544,900.4975 , 50.2484,<LOD,1.4152,<LOD,1.1580,2385.4360 , 30.1179,11.4855 , 1.3459,<LOD,9.7554,<LOD,0.9858,<LOD,0.0000,<LOD,20.0526,<LOD,1.2223,<LOD,13.0312,9.7933 , 0.4236,<LOD,0.0000,<LOD,1.6946,<LOD,172.5704,<LOD,1.8330,<LOD,88.4445,<LOD,0.0000,<LOD,0.8176,73.8689 , 3.8638,<LOD,1.2291,
4505,Mining,20.63,,,,,"Fri Jun 20, 2025 - 04:40:09",User,1.5,ppm,,,,,sample7,Mining,<LOD,13.8352,1.8254 , 1.4334,4.3417 , 3.5619,921519.5000 , 574.2984,<LOD,1.9047,<LOD,12.1377,<LOD,110.1441,5177.8672 , 103.7585,12.9978 , 7.5922,69407.2266 , 181.3969,<LOD,0.0000,5.6339 , 2.1477,998.9888 , 52.6417,<LOD,1.5256,<LOD,1.7755,2765.4243 , 33.1247,13.0707 , 1.4259,<LOD,10.9053,<LOD,1.1199,<LOD,0.0000,<LOD,21.4868,<LOD,1.3605,<LOD,13.9598,11.5592 , 0.4583,<LOD,0.0000,<LOD,1.6728,<LOD,175.2013,<LOD,1.9433,<LOD,92.7227,<LOD,0.0000,<LOD,0.8745,79.8435 , 4.1023,1.7314 , 0.7017,
4506,Mining,20.02,19.84,,,,"Fri Jun 20, 2025 - 04:40:41",User,1.5,ppm,,,,,sample7,Mining,<LOD,10.3695,2.0440 , 1.4633,<LOD,4.9476,922338.5000 , 586.8737,<LOD,1.9557,<LOD,12.1608,<LOD,98.6445,4923.6660 , 102.6264,11.7122 , 7.6156,68832.5547 , 182.7404,<LOD,0.0000,4.7813 , 2.1054,1036.3035 , 53.1547,<LOD,1.5397,<LOD,1.3899,2746.5344 , 33.2945,13.5681 , 1.4532,<LOD,10.6234,<LOD,1.0617,<LOD,0.0000,<LOD,21.5560,<LOD,1.2772,<LOD,13.9649,11.5045 , 0.4612,<LOD,0.0000,<LOD,1.7433,<LOD,253.8494,<LOD,1.8653,<LOD,101.7161,<LOD,0.0000,<LOD,0.8824,76.6836 , 4.0696,2.1252 , 0.7141,
4507,Mining,19.57,19.69,,,,"Fri Jun 20, 2025 - 04:41:43",User,1.5,ppm,,,,,sample7,Mining,<LOD,8.9016,2.6979 , 1.3141,<LOD,4.3397,939800.1250 , 429.9694,<LOD,1.6967,<LOD,10.4683,<LOD,86.1218,2587.3806 , 77.7064,<LOD,9.3620,54733.2344 , 163.5114,<LOD,0.0000,<LOD,2.5707,776.4927 , 43.9825,<LOD,1.3426,<LOD,1.0892,2036.8579 , 27.5425,10.3651 , 1.2671,<LOD,8.7812,<LOD,1.4600,<LOD,0.0000,<LOD,18.4389,<LOD,1.1009,<LOD,12.0035,7.3633 , 0.3848,<LOD,0.0000,<LOD,1.4566,<LOD,167.9350,<LOD,1.6627,<LOD,84.3990,<LOD,0.0000,<LOD,0.8025,45.5228 , 3.2050,<LOD,1.4736,
4508,Mining,20.10,19.65,,,,"Fri Jun 20, 2025 - 04:42:16",User,1.5,ppm,,,,,sample7,Mining,<LOD,9.9448,3.1998 , 1.3844,<LOD,4.7026,927097.0000 , 535.5134,<LOD,1.8500,<LOD,11.7077,<LOD,94.9120,5698.3560 , 109.9873,<LOD,10.4549,63807.6797 , 178.3043,<LOD,0.0000,4.1036 , 2.0370,920.4803 , 53.0814,<LOD,1.4623,<LOD,1.1870,2383.7520 , 30.8625,9.0420 , 1.3295,<LOD,10.0171,<LOD,1.2008,<LOD,0.0000,<LOD,20.6722,<LOD,1.2470,<LOD,13.4273,9.9113 , 0.4373,<LOD,0.0000,<LOD,1.7277,<LOD,177.8376,<LOD,1.8285,<LOD,102.5322,<LOD,0.0000,<LOD,0.8653,66.4549 , 3.8151,<LOD,1.2983,
4509,Mining,20.23,19.66,,,,"Fri Jun 20, 2025 - 04:43:39",User,1.5,ppm,,,,,sample7,Mining,<LOD,8.9494,3.7899 , 1.3875,<LOD,4.2458,927526.0625 , 471.6366,<LOD,1.7825,<LOD,10.5314,<LOD,90.7986,1918.3223 , 65.2733,<LOD,10.3811,66552.8984 , 169.1656,<LOD,0.0000,<LOD,2.5619,954.2140 , 43.4491,<LOD,1.3650,<LOD,1.1084,2755.6768 , 31.1294,12.9633 , 1.3230,<LOD,8.8113,<LOD,0.9205,<LOD,0.0000,<LOD,18.5802,<LOD,1.1171,<LOD,12.0496,13.7387 , 0.4508,<LOD,0.0000,<LOD,1.5444,196.1159 , 105.3996,<LOD,1.7362,<LOD,82.0929,<LOD,0.0000,<LOD,0.8173,63.8241 , 3.5337,2.3447 , 0.6684,
4510,Mining,19.59,19.42,,,,"Fri Jun 20, 2025 - 04:44:12",User,1.5,ppm,,,,,sample7,Mining,<LOD,9.1774,2.5174 , 1.4620,<LOD,4.5513,929162.8750 , 477.2478,<LOD,1.8767,<LOD,10.8251,<LOD,92.6762,1317.0902 , 58.2381,19.3786 , 7.2980,65556.2578 , 172.7659,<LOD,0.0000,<LOD,2.3565,979.8336 , 43.7884,<LOD,1.3754,<LOD,1.4157,2644.9114 , 31.3491,16.9171 , 1.4410,<LOD,9.0954,<LOD,0.9417,<LOD,0.0000,<LOD,19.0639,<LOD,1.1721,<LOD,12.4020,13.5064 , 0.4591,<LOD,0.0000,<LOD,1.5880,225.7124 , 109.4807,<LOD,1.7461,<LOD,83.2554,<LOD,0.0000,<LOD,0.8494,59.5491 , 3.5478,1.4350 , 0.6709,
4511,Mining,21.00,,,,,"Fri Jun 20, 2025 - 04:44:46",User,1.5,ppm,,,,,sample7,Mining,<LOD,9.3633,<LOD,5.8688,<LOD,4.8410,933779.4375 , 472.0394,<LOD,2.0944,<LOD,11.0116,<LOD,91.7788,1478.6158 , 62.8213,25.5694 , 7.2429,60565.8789 , 170.8952,<LOD,0.0000,8.8903 , 2.1980,896.3446 , 44.0112,<LOD,1.4099,3.1119 , 0.8022,2340.7163 , 30.1167,106.6248 , 2.8237,<LOD,9.3105,3.6745 , 0.7681,<LOD,0.0000,<LOD,19.5194,<LOD,1.2941,<LOD,12.6720,52.5018 , 0.7805,<LOD,0.0000,<LOD,1.9824,664.0435 , 124.2391,<LOD,1.9445,<LOD,91.5531,<LOD,0.0000,<LOD,0.9309,63.0579 , 3.7015,11.5358 , 0.8818,
4512,Mining,19.01,19.01,,,,"Fri Jun 20, 2025 - 04:45:18",User,1.5,ppm,,,,,sample7,Mining,<LOD,9.5428,4.9369 , 1.6783,<LOD,4.5804,939386.8750 , 481.0526,<LOD,1.9797,<LOD,11.2563,<LOD,93.8361,1175.9073 , 61.2500,19.5203 , 7.3826,56327.5234 , 175.2210,<LOD,0.0000,<LOD,4.7365,785.7707 , 43.9938,<LOD,1.4022,<LOD,1.1461,2222.6780 , 30.8515,19.2129 , 1.5984,<LOD,9.3674,<LOD,1.3669,<LOD,0.0000,<LOD,20.0104,<LOD,1.1896,<LOD,12.9904,10.1814 , 0.4497,<LOD,0.0000,<LOD,1.8493,<LOD,287.6779,<LOD,1.7600,<LOD,89.7289,<LOD,0.0000,<LOD,0.8230,47.3849 , 3.5173,<LOD,1.0002,
4513,Mining,20.29,19.71,,,,"Fri Jun 20, 2025 - 04:45:54",User,1.5,ppm,,,,,sample7,Mining,<LOD,8.9578,3.2860 , 1.4777,<LOD,4.6125,930171.0625 , 480.4385,<LOD,1.8628,<LOD,10.5621,<LOD,91.4903,1861.0756 , 66.0119,11.1578 , 7.0394,64410.9688 , 170.0594,<LOD,0.0000,<LOD,2.5994,884.2435 , 43.2545,<LOD,1.3694,<LOD,1.1183,2565.6829 , 30.6588,17.1912 , 1.4396,<LOD,8.8139,<LOD,1.4971,<LOD,0.0000,<LOD,18.5794,<LOD,1.1892,<LOD,12.1283,12.9683 , 0.4493,<LOD,0.0000,<LOD,1.6255,<LOD,237.3224,<LOD,1.7081,<LOD,83.3112,<LOD,0.0000,<LOD,0.7919,60.7402 , 3.5377,1.6150 , 0.6644,
