reading_no,csv_line,sample,subgroup,subgroup_provenance,timestamp,units,sigma_value_metadata,duration_reported,duration_unit,Ag_ppm,Ag_reported_2sigma_ppm,Ag_status,Ag_detection_limit_ppm,As_ppm,As_reported_2sigma_ppm,As_status,As_detection_limit_ppm,Au_ppm,Au_reported_2sigma_ppm,Au_status,Au_detection_limit_ppm,Bal_ppm,Bal_reported_2sigma_ppm,Bal_status,Bal_detection_limit_ppm,Bi_ppm,Bi_reported_2sigma_ppm,Bi_status,Bi_detection_limit_ppm,Cd_ppm,Cd_reported_2sigma_ppm,Cd_status,Cd_detection_limit_ppm,Co_ppm,Co_reported_2sigma_ppm,Co_status,Co_detection_limit_ppm,Cr_ppm,Cr_reported_2sigma_ppm,Cr_status,Cr_detection_limit_ppm,Cu_ppm,Cu_reported_2sigma_ppm,Cu_status,Cu_detection_limit_ppm,Fe_ppm,Fe_reported_2sigma_ppm,Fe_status,Fe_detection_limit_ppm,Hf_ppm,Hf_reported_2sigma_ppm,Hf_status,Hf_detection_limit_ppm,Hg_ppm,Hg_reported_2sigma_ppm,Hg_status,Hg_detection_limit_ppm,Mn_ppm,Mn_reported_2sigma_ppm,Mn_status,Mn_detection_limit_ppm,Mo_ppm,Mo_reported_2sigma_ppm,Mo_status,Mo_detection_limit_ppm,Nb_ppm,Nb_reported_2sigma_ppm,Nb_status,Nb_detection_limit_ppm,Ni_ppm,Ni_reported_2sigma_ppm,Ni_status,Ni_detection_limit_ppm,Pb_ppm,Pb_reported_2sigma_ppm,Pb_status,Pb_detection_limit_ppm,Pd_ppm,Pd_reported_2sigma_ppm,Pd_status,Pd_detection_limit_ppm,Rb_ppm,Rb_reported_2sigma_ppm,Rb_status,Rb_detection_limit_ppm,Re_ppm,Re_reported_2sigma_ppm,Re_status,Re_detection_limit_ppm,Sb_ppm,Sb_reported_2sigma_ppm,Sb_status,Sb_detection_limit_ppm,Se_ppm,Se_reported_2sigma_ppm,Se_status,Se_detection_limit_ppm,Sn_ppm,Sn_reported_2sigma_ppm,Sn_status,Sn_detection_limit_ppm,Sr_ppm,Sr_reported_2sigma_ppm,Sr_status,Sr_detection_limit_ppm,Ta_ppm,Ta_reported_2sigma_ppm,Ta_status,Ta_detection_limit_ppm,Th_ppm,Th_reported_2sigma_ppm,Th_status,Th_detection_limit_ppm,Ti_ppm,Ti_reported_2sigma_ppm,Ti_status,Ti_detection_limit_ppm,U_ppm,U_reported_2sigma_ppm,U_status,U_detection_limit_ppm,V_ppm,V_reported_2sigma_ppm,V_status,V_detection_limit_ppm,W_ppm,W_reported_2sigma_ppm,W_status,W_detection_limit_ppm,Y_ppm,Y_reported_2sigma_ppm,Y_status,Y_detection_limit_ppm,Zn_ppm,Zn_reported_2sigma_ppm,Zn_status,Zn_detection_limit_ppm,Zr_ppm,Zr_reported_2sigma_ppm,Zr_status,Zr_detection_limit_ppm,reactive_ferrous_Fe_mol_per_kg_rock,magnetite_H2_mol_per_kg_rock,ferric_ceiling_H2_mol_per_kg_rock,magnetite_H2_kg_per_tonne_rock,ferric_ceiling_H2_kg_per_tonne_rock
4458,2,sample1,all,"Original notebook cell 6 row-order assumption, mapped to Reading No; not independently verified","Fri Jun 20, 2025 - 03:47:06",ppm,1.5,19.58,not stated by export; not reaction exposure,,9.9941,below_detection,,1.8086,1.357,detected,,,4.5838,below_detection,,934843.0625,491.3696,detected,,,1.921,below_detection,,,11.801,below_detection,,,114.3515,below_detection,,1349.3251,61.4872,detected,,,10.4489,below_detection,,60300.2773,173.4674,detected,,,0.0,below_detection,,,2.5515,below_detection,,889.7454,44.0887,detected,,,1.4364,below_detection,,,1.1358,below_detection,,2563.5601,31.7147,detected,,10.6811,1.343,detected,,,10.2633,below_detection,,,0.9204,below_detection,,,0.0,below_detection,,,20.7674,below_detection,,,1.2206,below_detection,,,13.5329,below_detection,,,0.4163,below_detection,,,0.0,below_detection,,,1.6377,below_detection,,,160.2539,below_detection,,,1.7144,below_detection,,,95.3618,below_detection,,,0.0,below_detection,,,0.8223,below_detection,,41.5116,3.239,detected,,,0.9262,below_detection,,1.0797793410332168,0.3599264470110723,0.5398896705166084,0.7255685260006804,1.0883527890010205
4459,3,sample1,all,"Original notebook cell 6 row-order assumption, mapped to Reading No; not independently verified","Fri Jun 20, 2025 - 03:53:44",ppm,1.5,19.69,not stated by export; not reaction exposure,,16.4039,below_detection,,1.7539,1.2934,detected,,,4.8974,below_detection,,937562.1875,489.9675,detected,,,1.9378,below_detection,,,11.9304,below_detection,,,143.482,below_detection,,1421.1337,63.2083,detected,,,10.5668,below_detection,,57639.5977,171.491,detected,,,0.0,below_detection,,,2.6997,below_detection,,826.8312,43.5681,detected,,,1.4355,below_detection,,,1.1439,below_detection,,2483.9905,31.3326,detected,,7.6366,1.2731,detected,,18.8422,6.9982,detected,,,1.0091,below_detection,,,0.0,below_detection,,,21.1347,below_detection,,,1.2434,below_detection,,,13.7616,below_detection,,,0.419,below_detection,,,0.0,below_detection,,,1.6828,below_detection,,,176.7738,below_detection,,,2.324,below_detection,,,89.9758,below_detection,,,0.0,below_detection,,,0.8141,below_detection,,38.0462,3.1774,detected,,,0.9248,below_detection,,1.0321353335124004,0.3440451111708001,0.5160676667562002,0.6935536587069925,1.040330488060489
4460,4,sample1,all,"Original notebook cell 6 row-order assumption, mapped to Reading No; not independently verified","Fri Jun 20, 2025 - 03:54:25",ppm,1.5,20.61,not stated by export; not reaction exposure,,13.2651,below_detection,,,2.6761,below_detection,,,4.8028,below_detection,,938113.125,477.979,detected,,,1.9617,below_detection,,,11.7576,below_detection,,,93.0647,below_detection,,1618.3677,65.7341,detected,,,13.4183,below_detection,,56946.7031,168.4424,detected,,,0.0,below_detection,,,2.592,below_detection,,832.8832,43.6529,detected,,,1.4151,below_detection,,,1.1521,below_detection,,2427.9351,30.6077,detected,,9.1545,1.3053,detected,,15.704,6.8916,detected,,,1.0834,below_detection,,,0.0,below_detection,,,20.8217,below_detection,,,1.2758,below_detection,,,13.5343,below_detection,,,0.4253,below_detection,,,0.0,below_detection,,,1.7177,below_detection,,,173.2841,below_detection,,,1.7179,below_detection,,,88.8819,below_detection,,,0.0,below_detection,,,0.8137,below_detection,,36.1299,3.0966,detected,,,0.9128,below_detection,,1.0197278735786552,0.3399092911928851,0.5098639367893276,0.6852163419299132,1.0278245128948698
4461,5,sample1,all,"Original notebook cell 6 row-order assumption, mapped to Reading No; not independently verified","Fri Jun 20, 2025 - 03:55:29",ppm,1.5,19.07,not stated by export; not reaction exposure,,11.9108,below_detection,,,3.2773,below_detection,,,4.5002,below_detection,,934283.8125,515.4212,detected,,,1.9767,below_detection,,,12.0714,below_detection,,,137.6134,below_detection,,3478.2642,90.9991,detected,,,10.7308,below_detection,,58844.25,175.0654,detected,,,0.0,below_detection,,,2.6363,below_detection,,808.286,48.1862,detected,,,1.4485,below_detection,,,1.1628,below_detection,,2517.3945,31.9303,detected,,15.4051,1.4788,detected,,,15.9358,below_detection,,,1.1142,below_detection,,,0.0,below_detection,,,21.3543,below_detection,,,1.227,below_detection,,,13.8842,below_detection,,,0.4397,below_detection,,,0.0,below_detection,,,1.6865,below_detection,,,176.9845,below_detection,,,1.7873,below_detection,,,88.4875,below_detection,,,0.0,below_detection,,,0.8213,below_detection,,52.581,3.5474,detected,,,0.9367,below_detection,,1.053706688154714,0.35123556271823797,0.526853344077357,0.7080487461724415,1.062073119258662
4462,6,sample1,all,"Original notebook cell 6 row-order assumption, mapped to Reading No; not independently verified","Fri Jun 20, 2025 - 03:56:05",ppm,1.5,20.28,not stated by export; not reaction exposure,,9.9318,below_detection,,1.79,1.4823,detected,,,4.4156,below_detection,,934971.9375,493.845,detected,,,1.7217,below_detection,,,11.7058,below_detection,,,107.7674,below_detection,,3183.4414,85.1123,detected,,,10.3221,below_detection,,58530.9141,169.2201,detected,,,0.0,below_detection,,,2.5127,below_detection,,785.0126,45.8452,detected,,,1.3997,below_detection,,,1.1283,below_detection,,2460.4902,30.6176,detected,,17.8994,1.4929,detected,,,16.5176,below_detection,,,0.9258,below_detection,,,0.0,below_detection,,,20.6823,below_detection,,,1.2222,below_detection,,,13.4263,below_detection,,,0.4143,below_detection,,,0.0,below_detection,,,1.5777,below_detection,,,168.6534,below_detection,,,1.6595,below_detection,,,84.8553,below_detection,,,0.0,below_detection,,,0.8055,below_detection,,48.5556,3.3515,detected,,,0.911,below_detection,,1.0480958742949233,0.34936529143164113,0.5240479371474617,0.7042785036912167,1.056417755536825
4463,7,sample2,all,"Original notebook cell 6 row-order assumption, mapped to Reading No; not independently verified","Fri Jun 20, 2025 - 03:57:29",ppm,1.5,19.72,not stated by export; not reaction exposure,20.19,17.7609,detected,,2.2236,1.4049,detected,,,4.7915,below_detection,,937471.25,525.038,detected,,,2.0021,below_detection,,25.2674,10.1103,detected,,,141.5077,below_detection,,1130.9628,60.5069,detected,,,10.8473,below_detection,,57853.0664,177.5747,detected,,,0.0,below_detection,,,2.8102,below_detection,,838.3421,44.683,detected,,,1.4968,below_detection,,,1.1876,below_detection,,2512.5864,32.6518,detected,,9.3852,1.3808,detected,,52.4375,7.4399,detected,,,0.9795,below_detection,,,0.0,below_detection,,18.6382,14.7305,detected,,,1.3056,below_detection,,26.7769,9.5697,detected,,,0.527,below_detection,,,0.0,below_detection,,,1.7882,below_detection,,,235.6777,below_detection,,,1.8319,below_detection,,,105.6678,below_detection,,,0.0,below_detection,,,0.8663,below_detection,,38.9108,3.3159,detected,,,0.9602,below_detection,,1.035957854776614,0.345319284925538,0.517978927388307,0.6961222400956935,1.0441833601435402
4464,8,sample2,all,"Original notebook cell 6 row-order assumption, mapped to Reading No; not independently verified","Fri Jun 20, 2025 - 03:58:15",ppm,1.5,19.28,not stated by export; not reaction exposure,,9.8842,below_detection,,,3.843,below_detection,,,4.4258,below_detection,,955512.4375,401.0874,detected,,,1.7186,below_detection,,,11.7636,below_detection,,,128.2282,below_detection,,1317.2527,64.9789,detected,,,15.0753,below_detection,,40883.0391,156.0959,detected,,,0.0,below_detection,,,2.5211,below_detection,,587.1374,40.6486,detected,,,1.9135,below_detection,,,1.1411,below_detection,,1595.4385,25.6675,detected,,25.9456,1.6796,detected,,31.2194,6.9616,detected,,,1.0829,below_detection,,,0.0,below_detection,,,20.6522,below_detection,,,1.1623,below_detection,,,13.3819,below_detection,,,0.4236,below_detection,,,0.0,below_detection,,,2.5383,below_detection,,,176.1843,below_detection,,,1.6519,below_detection,,,90.3557,below_detection,,,0.0,below_detection,,,0.8509,below_detection,,47.4935,3.3999,detected,,,0.939,below_detection,,0.7320805640612409,0.2440268546870803,0.36604028203062045,0.49192885582659146,0.737893283739887
4465,9,sample2,all,"Original notebook cell 6 row-order assumption, mapped to Reading No; not independently verified","Fri Jun 20, 2025 - 03:58:43",ppm,1.5,19.65,not stated by export; not reaction exposure,12.4292,10.9342,detected,,1.9114,1.3849,detected,,,4.8509,below_detection,,937844.4375,503.935,detected,,,1.9216,below_detection,,19.6618,8.2419,detected,,,136.3018,below_detection,,1225.2118,61.3542,detected,,,10.579,below_detection,,57416.3047,175.2537,detected,,,0.0,below_detection,,,2.7333,below_detection,,909.2587,45.5351,detected,,,1.4656,below_detection,,,1.1912,below_detection,,2484.5,32.1165,detected,,10.0072,1.3659,detected,,39.8032,7.2831,detected,,,0.9605,below_detection,,,0.0,below_detection,,,24.3004,below_detection,,,1.2111,below_detection,,,22.9325,below_detection,,,0.4499,below_detection,,,0.0,below_detection,,,1.7304,below_detection,,,184.3791,below_detection,,,1.8139,below_detection,,,89.263,below_detection,,,0.0,below_detection,,,0.8419,below_detection,,36.4527,3.2138,detected,,,0.9328,below_detection,,1.0281368913958278,0.34271229713194257,0.5140684456979139,0.6908668655423403,1.0363002983135106
4466,10,sample2,all,"Original notebook cell 6 row-order assumption, mapped to Reading No; not independently verified","Fri Jun 20, 2025 - 03:59:15",ppm,1.5,19.89,not stated by export; not reaction exposure,,9.8623,below_detection,,,2.4666,below_detection,,,4.7756,below_detection,,947703.375,431.9966,detected,,,1.9869,below_detection,,,11.6578,below_detection,,,121.6718,below_detection,,1031.5261,57.0902,detected,,,10.9028,below_detection,,48484.0,161.4365,detected,,,0.0,below_detection,,,2.4994,below_detection,,685.0085,40.4665,detected,,,1.4114,below_detection,,,1.1358,below_detection,,2004.6478,28.0236,detected,,26.3278,1.6556,detected,,23.467,6.8728,detected,,,0.9017,below_detection,,,0.0,below_detection,,,20.5101,below_detection,,,1.1949,below_detection,,,13.3404,below_detection,,,0.419,below_detection,,,0.0,below_detection,,,1.7331,below_detection,,,175.0167,below_detection,,,1.6898,below_detection,,,84.2811,below_detection,,,0.0,below_detection,,,0.8109,below_detection,,41.6115,3.2126,detected,,,0.9191,below_detection,,0.8681887366818873,0.2893962455606291,0.43409436834094367,0.5833881035007609,0.8750821552511415
4467,11,sample2,all,"Original notebook cell 6 row-order assumption, mapped to Reading No; not independently verified","Fri Jun 20, 2025 - 03:59:43",ppm,1.5,19.95,not stated by export; not reaction exposure,17.3121,15.2296,detected,,2.8166,1.3754,detected,,,4.9675,below_detection,,936423.8125,514.1257,detected,,,2.1492,below_detection,,19.1167,8.2542,detected,,,127.5774,below_detection,,2137.876,75.6802,detected,,,10.6295,below_detection,,58030.8008,175.5792,detected,,,0.0,below_detection,,,2.7547,below_detection,,868.3881,46.8487,detected,,,1.4773,below_detection,,,1.1777,below_detection,,2407.0261,31.6178,detected,,7.8377,1.3214,detected,,43.8887,7.3062,detected,,,0.9596,below_detection,,,0.0,below_detection,,,33.4273,below_detection,,,1.3198,below_detection,,,18.5365,below_detection,,,0.4337,below_detection,,,0.0,below_detection,,,1.8296,below_detection,,,181.5206,below_detection,,,1.7926,below_detection,,,93.951,below_detection,,,0.0,below_detection,,,0.8218,below_detection,,41.135,3.3303,detected,,,0.9453,below_detection,,1.0391404924344168,0.3463801641448056,0.5195702462172084,0.6982608452962307,1.047391267944346
4468,12,sample3,all,"Original notebook cell 6 row-order assumption, mapped to Reading No; not independently verified","Fri Jun 20, 2025 - 04:00:48",ppm,1.5,19.41,not stated by export; not reaction exposure,63.8734,56.1688,detected,,,3.9428,below_detection,,5.2372,4.1729,detected,,921032.1875,679.7582,detected,,,2.5057,below_detection,,97.3914,38.9558,detected,,,146.2242,below_detection,,427.0059,48.9119,detected,,,16.9976,below_detection,,73466.5312,208.2967,detected,,,0.0,below_detection,,,4.2804,below_detection,,1009.1534,50.0061,detected,,,1.6784,below_detection,,,1.3335,below_detection,,3180.0505,40.7877,detected,,17.0867,1.7694,detected,,110.8134,8.6074,detected,,,1.14,below_detection,,,0.0,below_detection,,149.6776,121.7533,detected,,,1.5697,below_detection,,219.3712,11.211,detected,,,0.5154,below_detection,,,0.0,below_detection,,,2.1373,below_detection,,156.1193,127.0419,detected,,,2.0753,below_detection,,,103.1059,below_detection,,,0.0,below_detection,,,0.9925,below_detection,,65.4777,4.4335,detected,,,1.1618,below_detection,,1.3155435795505415,0.43851452651684714,0.6577717897752707,0.8839926637147817,1.3259889955721726
4469,13,sample3,all,"Original notebook cell 6 row-order assumption, mapped to Reading No; not independently verified","Fri Jun 20, 2025 - 04:01:31",ppm,1.5,19.92,not stated by export; not reaction exposure,50.4908,44.4047,detected,,2.7903,1.6461,detected,,8.9859,4.2989,detected,,915573.9375,702.5215,detected,,,2.3539,below_detection,,76.7915,30.719,detected,,,157.7894,below_detection,,404.0892,46.4136,detected,,,20.997,below_detection,,78707.5547,206.9636,detected,,,0.0,below_detection,,,3.1159,below_detection,,1153.1304,50.4819,detected,,,2.0179,below_detection,,,1.3688,below_detection,,3525.6055,41.6626,detected,,12.3441,1.6099,detected,,102.2791,8.405,detected,,,1.122,below_detection,,,0.0,below_detection,,110.7004,90.0564,detected,,,1.6258,below_detection,,186.7659,10.9245,detected,,,0.485,below_detection,,,0.0,below_detection,,,2.0316,below_detection,,,260.9122,below_detection,,,2.4021,below_detection,,,99.3914,below_detection,,,0.0,below_detection,,,0.9464,below_detection,,84.5131,4.7253,detected,,,1.0709,below_detection,,1.409393046826036,0.46979768227534535,0.704696523413018,0.947055751745223,1.4205836276178347
4470,14,sample3,all,"Original notebook cell 6 row-order assumption, mapped to Reading No; not independently verified","Fri Jun 20, 2025 - 04:02:11",ppm,1.5,19.82,not stated by export; not reaction exposure,54.5477,47.9719,detected,,,3.7761,below_detection,,,5.8972,below_detection,,919049.375,687.9138,detected,,,2.4643,below_detection,,68.6154,27.4479,detected,,,144.3402,below_detection,,344.8084,45.8384,detected,,,17.1518,below_detection,,75625.4375,206.2205,detected,,,0.0,below_detection,,,3.156,below_detection,,1053.0852,49.4489,detected,,,2.6711,below_detection,,,1.4963,below_detection,,3283.6406,40.6577,detected,,12.0661,1.6207,detected,,108.1502,8.4639,detected,,,1.1099,below_detection,,,0.0,below_detection,,119.7903,97.4498,detected,,,1.5484,below_detection,,195.2139,10.985,detected,,,0.5415,below_detection,,,0.0,below_detection,,,2.0815,below_detection,,,221.6604,below_detection,,,2.061,below_detection,,,155.7996,below_detection,,,0.0,below_detection,,,0.964,below_detection,,85.2989,4.7726,detected,,,1.1224,below_detection,,1.3542024800787895,0.45140082669292986,0.6771012400393948,0.9099698985137434,1.364954847770615
4471,15,sample3,all,"Original notebook cell 6 row-order assumption, mapped to Reading No; not independently verified","Fri Jun 20, 2025 - 04:02:45",ppm,1.5,19.59,not stated by export; not reaction exposure,57.4324,50.5075,detected,,2.9823,1.6863,detected,,,5.6932,below_detection,,918938.8125,688.1364,detected,,,2.4012,below_detection,,70.1316,28.0536,detected,,,132.8195,below_detection,,427.9014,48.2639,detected,,,19.4057,below_detection,,75281.8438,207.3151,detected,,,0.0,below_detection,,,3.2821,below_detection,,1009.1196,49.3666,detected,,1.9171,1.1337,detected,,1.5359,0.9154,detected,,3316.6641,41.1567,detected,,12.4884,1.6487,detected,,118.328,8.5907,detected,,,1.0966,below_detection,,,0.0,below_detection,,133.503,108.6022,detected,,,1.4772,below_detection,,217.4256,11.1437,detected,,,0.6231,below_detection,,,0.0,below_detection,,,2.1454,below_detection,,321.1197,129.4776,detected,,,2.0961,below_detection,,,103.5327,below_detection,,,0.0,below_detection,,,0.9455,below_detection,,88.8039,4.8876,detected,,,1.2076,below_detection,,1.3480498486883337,0.4493499495627779,0.6740249243441668,0.9058355763246126,1.358753364486919
4472,16,sample3,all,"Original notebook cell 6 row-order assumption, mapped to Reading No; not independently verified","Fri Jun 20, 2025 - 04:03:12",ppm,1.5,19.08,not stated by export; not reaction exposure,64.4894,56.7091,detected,,,3.7701,below_detection,,6.9457,4.4112,detected,,925181.125,679.1309,detected,,,2.5256,below_detection,,99.3167,39.7249,detected,,104.1581,77.7132,detected,,380.5215,49.8468,detected,,,15.6402,below_detection,,69379.8906,209.7186,detected,,,0.0,below_detection,,,3.3095,below_detection,,957.9097,50.6994,detected,,,1.6956,below_detection,,,1.339,below_detection,,2992.4146,40.4761,detected,,14.7166,1.7659,detected,,108.5092,8.7958,detected,,,1.1763,below_detection,,,0.0,below_detection,,164.4999,133.8069,detected,,,1.7183,below_detection,,235.299,11.492,detected,,,0.5245,below_detection,,,0.0,below_detection,,,2.193,below_detection,,244.1301,135.5692,detected,,,2.1605,below_detection,,,181.5675,below_detection,,,0.0,below_detection,,,0.9545,below_detection,,66.0565,4.5652,detected,,,1.113,below_detection,,1.2423653075476766,0.4141217691825589,0.6211826537738383,0.8348197920597367,1.252229688089605
4473,17,sample3,all,"Original notebook cell 6 row-order assumption, mapped to Reading No; not independently verified","Fri Jun 20, 2025 - 04:04:07",ppm,1.5,19.2,not stated by export; not reaction exposure,69.7497,61.3307,detected,,3.2343,1.7594,detected,,5.8954,4.3048,detected,,928707.125,652.4324,detected,,,2.267,below_detection,,112.9536,45.1764,detected,,,131.4409,below_detection,,450.0532,52.0427,detected,,,18.718,below_detection,,65852.3359,206.3319,detected,,,0.0,below_detection,,,4.7353,below_detection,,949.7837,50.7462,detected,,,1.683,below_detection,,,1.339,below_detection,,2830.6699,39.4591,detected,,13.3358,1.709,detected,,123.108,8.778,detected,,,1.5573,below_detection,,,0.0,below_detection,,196.5756,159.8871,detected,,,1.6344,below_detection,,273.1526,11.4656,detected,,,0.5188,below_detection,,,0.0,below_detection,,,2.0152,below_detection,,277.7102,137.8863,detected,,,2.1688,below_detection,,77.6668,69.391,detected,,,0.0,below_detection,,,0.9613,below_detection,,56.6313,4.3207,detected,,,1.0786,below_detection,,1.179198422419196,0.3930661408063987,0.589599211209598,0.7923741719288029,1.1885612578932043
4474,18,sample4,big grains,"Original notebook cell 6 row-order assumption, mapped to Reading No; not independently verified","Fri Jun 20, 2025 - 04:12:47",ppm,1.5,19.53,not stated by export; not reaction exposure,,9.4147,below_detection,,4.6756,1.4959,detected,,,4.5995,below_detection,,950161.0,417.9942,detected,,,1.9385,below_detection,,,11.1282,below_detection,,,124.1562,below_detection,,4264.9551,105.0598,detected,,,16.4805,below_detection,,42736.6523,159.9619,detected,,,0.0,below_detection,,,2.7857,below_detection,,628.8156,48.8222,detected,,,1.3848,below_detection,,,1.1181,below_detection,,2145.8931,29.8293,detected,,11.8701,1.3966,detected,,,9.3873,below_detection,,,1.02,below_detection,,,0.0,below_detection,,,19.6138,below_detection,,,1.2239,below_detection,,,12.7332,below_detection,,,0.7449,below_detection,,,0.0,below_detection,,,1.7403,below_detection,,,180.1373,below_detection,,,1.6936,below_detection,,,91.5664,below_detection,,,0.0,below_detection,,,0.7928,below_detection,,46.1808,3.4237,detected,,,0.9027,below_detection,,0.765272670785209,0.2550908902617363,0.3826363353926045,0.514232623860829,0.7713489357912435
4475,19,sample4,big grains,"Original notebook cell 6 row-order assumption, mapped to Reading No; not independently verified","Fri Jun 20, 2025 - 04:13:26",ppm,1.5,19.54,not stated by export; not reaction exposure,,9.1197,below_detection,,3.6108,1.4171,detected,,,4.5159,below_detection,,952282.4375,378.0966,detected,,,1.6795,below_detection,,,10.7679,below_detection,,78.4918,55.4223,detected,,245.4954,39.9277,detected,,,10.9668,below_detection,,44485.4414,157.4351,detected,,,0.0,below_detection,,,2.5453,below_detection,,607.3829,37.5246,detected,,,1.3444,below_detection,,,1.0854,below_detection,,2253.0088,29.7128,detected,,11.755,1.3532,detected,,,9.0863,below_detection,,,0.902,below_detection,,,0.0,below_detection,,,19.0113,below_detection,,,1.1669,below_detection,,,12.3625,below_detection,,0.7231,0.2991,detected,,,0.0,below_detection,,,1.6165,below_detection,,,167.4057,below_detection,,,1.6589,below_detection,,,86.386,below_detection,,,0.0,below_detection,,,0.7727,below_detection,,31.6707,2.9847,detected,,,0.8961,below_detection,,0.7965877231623243,0.2655292410541081,0.39829386158116215,0.5352750864561554,0.802912629684233
4476,20,sample4,big grains,"Original notebook cell 6 row-order assumption, mapped to Reading No; not independently verified","Fri Jun 20, 2025 - 04:14:00",ppm,1.5,20.45,not stated by export; not reaction exposure,,8.9805,below_detection,,3.3352,1.4165,detected,,,4.3131,below_detection,,948751.4375,389.1855,detected,,,1.7371,below_detection,,,10.5916,below_detection,,,81.8205,below_detection,,1083.1027,57.007,detected,,,12.8179,below_detection,,47131.6445,156.1012,detected,,,0.0,below_detection,,,2.5477,below_detection,,641.1517,39.0585,detected,,,1.3174,below_detection,,,1.068,below_detection,,2336.698,29.387,detected,,14.051,1.3651,detected,,,8.9549,below_detection,,,0.8477,below_detection,,,0.0,below_detection,,,18.6875,below_detection,,,1.1266,below_detection,,,12.1246,below_detection,,,0.5117,below_detection,,,0.0,below_detection,,,1.5524,below_detection,,,164.239,below_detection,,,1.6036,below_detection,,,81.4738,below_detection,,,0.0,below_detection,,,0.7678,below_detection,,38.5408,3.0682,detected,,,0.8821,below_detection,,0.8439725042528428,0.2813241680842809,0.4219862521264214,0.5671157639577401,0.8506736459366102
4477,21,sample4,big grains,"Original notebook cell 6 row-order assumption, mapped to Reading No; not independently verified","Fri Jun 20, 2025 - 04:14:38",ppm,1.5,19.65,not stated by export; not reaction exposure,,9.3154,below_detection,,3.8591,1.5539,detected,,,4.6467,below_detection,,952811.5625,389.1118,detected,,,1.861,below_detection,,,10.9714,below_detection,,,110.9866,below_detection,,793.6072,54.52,detected,,,10.2274,below_detection,,43587.1328,159.2256,detected,,,0.0,below_detection,,,2.6543,below_detection,,596.2758,39.5374,detected,,,1.389,below_detection,,,1.0996,below_detection,,2164.5686,29.7548,detected,,16.7134,1.4928,detected,,,9.2698,below_detection,,,0.923,below_detection,,,0.0,below_detection,,,19.3751,below_detection,,,1.1929,below_detection,,,12.5516,below_detection,,,0.5129,below_detection,,,0.0,below_detection,,,1.6833,below_detection,,,182.1061,below_detection,,,1.7216,below_detection,,,89.9772,below_detection,,,0.0,below_detection,,,0.8175,below_detection,,26.2286,2.8931,detected,,,0.9021,below_detection,,0.7805019751096786,0.26016732503655954,0.3902509875548393,0.5244661071946997,0.7866991607920494
4478,22,sample4,big grains,"Original notebook cell 6 row-order assumption, mapped to Reading No; not independently verified","Fri Jun 20, 2025 - 04:15:10",ppm,1.5,19.89,not stated by export; not reaction exposure,,9.7549,below_detection,,2.69,1.5377,detected,,,4.9658,below_detection,,948050.625,428.8402,detected,,,1.9905,below_detection,,,11.5137,below_detection,,,114.6217,below_detection,,1345.7714,65.0612,detected,,,15.9891,below_detection,,47478.918,164.4812,detected,,,0.0,below_detection,,,2.8257,below_detection,,648.0668,41.9551,detected,,,1.4173,below_detection,,,1.1272,below_detection,,2418.3325,31.5031,detected,,16.4288,1.5163,detected,,,9.9002,below_detection,,,0.9243,below_detection,,,0.0,below_detection,,,20.4153,below_detection,,,1.3003,below_detection,,,13.2421,below_detection,,,0.738,below_detection,,,0.0,below_detection,,,1.8248,below_detection,,,187.2741,below_detection,,,1.7297,below_detection,,,92.3137,below_detection,,,0.0,below_detection,,,0.8191,below_detection,,39.2084,3.2682,detected,,,0.9281,below_detection,,0.8501910287402632,0.28339700958008773,0.4250955143701316,0.5712943636723072,0.8569415455084608
4479,23,sample4,small grains,"Original notebook cell 6 row-order assumption, mapped to Reading No; not independently verified","Fri Jun 20, 2025 - 04:15:44",ppm,1.5,19.76,not stated by export; not reaction exposure,,9.0034,below_detection,,2.1831,1.3043,detected,,,4.3412,below_detection,,944356.375,406.5759,detected,,,1.8108,below_detection,,,10.6407,below_detection,,,118.345,below_detection,,298.401,38.8411,detected,,,10.265,below_detection,,51859.6562,158.9863,detected,,,0.0,below_detection,,,2.5079,below_detection,,704.2989,37.3062,detected,,,1.3185,below_detection,,,1.0656,below_detection,,2734.7773,31.1635,detected,,10.9132,1.2819,detected,,,9.0185,below_detection,,,0.8571,below_detection,,,0.0,below_detection,,,18.7586,below_detection,,,1.1477,below_detection,,,12.1846,below_detection,,,0.4027,below_detection,,,0.0,below_detection,,,1.6221,below_detection,,,158.2321,below_detection,,,1.6665,below_detection,,,81.0871,below_detection,,,0.0,below_detection,,,0.7779,below_detection,,33.3977,2.8951,detected,,,0.852,below_detection,,0.9286356200196972,0.30954520667323243,0.4643178100098486,0.6240059912284358,0.9360089868426537
4480,24,sample4,small grains,"Original notebook cell 6 row-order assumption, mapped to Reading No; not independently verified","Fri Jun 20, 2025 - 04:16:14",ppm,1.5,19.76,not stated by export; not reaction exposure,,9.2448,below_detection,,,3.1502,below_detection,,,4.4434,below_detection,,937713.0625,439.7521,detected,,,1.7941,below_detection,,,10.9014,below_detection,,,87.3821,below_detection,,132.1605,34.0532,detected,,,17.2747,below_detection,,58250.0469,165.1552,detected,,,0.0,below_detection,,,2.4538,below_detection,,736.4749,37.244,detected,,,1.3723,below_detection,,,1.1056,below_detection,,3118.0229,33.2171,detected,,12.5718,1.3232,detected,,,9.2801,below_detection,,,0.9049,below_detection,,,0.0,below_detection,,,19.215,below_detection,,,1.1487,below_detection,,,12.4976,below_detection,,,0.4787,below_detection,,,0.0,below_detection,,,1.5603,below_detection,,,160.1164,below_detection,,,1.6703,below_detection,,,82.7488,below_detection,,,0.0,below_detection,,,0.7936,below_detection,,37.6582,3.0241,detected,,,0.8861,below_detection,,1.0430664679022295,0.34768882263407647,0.5215332339511147,0.700898943771582,1.051348415657373
4481,25,sample4,small grains,"Original notebook cell 6 row-order assumption, mapped to Reading No; not independently verified","Fri Jun 20, 2025 - 04:16:48",ppm,1.5,20.01,not stated by export; not reaction exposure,,8.9347,below_detection,,1.5384,1.2978,detected,,,3.909,below_detection,,940379.5,416.489,detected,,,1.8229,below_detection,,,10.5543,below_detection,,,84.982,below_detection,,228.2579,36.2684,detected,,,10.5493,below_detection,,55637.5508,161.1384,detected,,,0.0,below_detection,,,2.3544,below_detection,,755.2921,37.4688,detected,,,1.3326,below_detection,,,1.0632,below_detection,,2953.3765,32.0078,detected,,12.2877,1.2898,detected,,,8.8747,below_detection,,,0.8942,below_detection,,,0.0,below_detection,,,18.5644,below_detection,,,1.0556,below_detection,,,12.0445,below_detection,,,0.4125,below_detection,,,0.0,below_detection,,,1.511,below_detection,,,158.9738,below_detection,,,1.643,below_detection,,,78.8924,below_detection,,,0.0,below_detection,,,0.7693,below_detection,,32.2314,2.8417,detected,,,0.867,below_detection,,0.9962852681529233,0.33209508938430776,0.49814263407646164,0.6694638487880382,1.0041957731820574
4482,26,sample4,small grains,"Original notebook cell 6 row-order assumption, mapped to Reading No; not independently verified","Fri Jun 20, 2025 - 04:17:31",ppm,1.5,20.31,not stated by export; not reaction exposure,,8.4749,below_detection,,,2.0817,below_detection,,,4.1698,below_detection,,947284.5625,371.3694,detected,,,1.6864,below_detection,,,9.9757,below_detection,,,97.8174,below_detection,,197.0594,35.5065,detected,,,9.8431,below_detection,,49245.2578,153.717,detected,,,0.0,below_detection,,,2.2681,below_detection,,654.6385,35.6238,detected,,,1.2854,below_detection,,,1.0326,below_detection,,2581.1208,29.7595,detected,,12.6881,1.284,detected,,,8.2996,below_detection,,,0.8542,below_detection,,,0.0,below_detection,,,17.5469,below_detection,,,1.091,below_detection,,,11.416,below_detection,,,0.4019,below_detection,,,0.0,below_detection,,,1.5095,below_detection,,,145.7559,below_detection,,,1.559,below_detection,,,77.3633,below_detection,,,0.0,below_detection,,,0.7275,below_detection,,24.6558,2.6094,detected,,,0.838,below_detection,,0.8818203563434506,0.2939401187811502,0.4409101781717253,0.5925480066485449,0.8888220099728176
4483,27,sample4,small grains,"Original notebook cell 6 row-order assumption, mapped to Reading No; not independently verified","Fri Jun 20, 2025 - 04:18:06",ppm,1.5,20.04,not stated by export; not reaction exposure,,8.6129,below_detection,,,2.8197,below_detection,,,3.9248,below_detection,,940048.375,401.2318,detected,,,1.6764,below_detection,,,10.1135,below_detection,,,91.4535,below_detection,,226.5218,35.4417,detected,,,10.403,below_detection,,55942.9102,158.1763,detected,,,0.0,below_detection,,,2.3608,below_detection,,741.4506,36.3744,detected,,,1.3009,below_detection,,,1.0403,below_detection,,3000.3833,31.5413,detected,,10.8829,1.2416,detected,,,8.4291,below_detection,,0.8836,0.5631,detected,,,0.0,below_detection,,,17.7758,below_detection,,,1.0939,below_detection,,,11.5502,below_detection,,,0.4031,below_detection,,,0.0,below_detection,,,1.5183,below_detection,,,142.0709,below_detection,,,1.4627,below_detection,,,77.4505,below_detection,,,0.0,below_detection,,,0.7319,below_detection,,28.5906,2.6885,detected,,,0.8465,below_detection,,1.0017532491718149,0.3339177497239383,0.5008766245859074,0.6731381133134927,1.009707169970239
4484,28,sample4,mixed grains,"Original notebook cell 6 row-order assumption, mapped to Reading No; not independently verified","Fri Jun 20, 2025 - 04:19:04",ppm,1.5,19.87,not stated by export; not reaction exposure,,8.8851,below_detection,,3.1674,1.3503,detected,,,4.1965,below_detection,,938096.375,423.151,detected,,,1.6692,below_detection,,,10.4574,below_detection,,,111.0664,below_detection,,343.1598,38.4189,detected,,,10.4606,below_detection,,57664.5859,160.8203,detected,,,0.0,below_detection,,,2.8828,below_detection,,795.7448,37.6828,detected,,,1.3279,below_detection,,,1.0735,below_detection,,3046.5876,32.0077,detected,,13.4134,1.306,detected,,,8.817,below_detection,,,0.8729,below_detection,,,0.0,below_detection,,,18.4199,below_detection,,,1.1143,below_detection,,,11.9675,below_detection,,,0.629,below_detection,,,0.0,below_detection,,,1.4864,below_detection,,,152.8647,below_detection,,,1.6373,below_detection,,,77.2386,below_detection,,,0.0,below_detection,,,0.7926,below_detection,,36.9708,2.915,detected,,,0.8706,below_detection,,1.0325827898648043,0.34419426328826813,0.5162913949324022,0.6938543314775539,1.0407814972163307
4485,29,sample4,mixed grains,"Original notebook cell 6 row-order assumption, mapped to Reading No; not independently verified","Fri Jun 20, 2025 - 04:19:51",ppm,1.5,19.37,not stated by export; not reaction exposure,,9.5454,below_detection,,2.6779,1.5493,detected,,,4.5565,below_detection,,935605.9375,463.0302,detected,,,1.9483,below_detection,,,11.2319,below_detection,,,92.863,below_detection,,455.8603,44.132,detected,,,12.4629,below_detection,,59878.4922,176.004,detected,,,0.0,below_detection,,,2.5988,below_detection,,805.9379,41.0767,detected,,,1.4301,below_detection,,,1.1465,below_detection,,3198.707,35.3911,detected,,18.4691,1.5264,detected,,,9.4384,below_detection,,,0.9649,below_detection,,,0.0,below_detection,,,19.7811,below_detection,,,1.1869,below_detection,,,12.8607,below_detection,,,0.4391,below_detection,,,0.0,below_detection,,,1.7077,below_detection,,,156.4446,below_detection,,,1.7126,below_detection,,,82.6984,below_detection,,,0.0,below_detection,,,0.7999,below_detection,,33.8969,3.0785,detected,,,0.9316,below_detection,,1.0722265592264304,0.3574088530754768,0.5361132796132152,0.7204933587377922,1.080740038106688
4486,30,sample4,mixed grains,"Original notebook cell 6 row-order assumption, mapped to Reading No; not independently verified","Fri Jun 20, 2025 - 04:20:40",ppm,1.5,19.48,not stated by export; not reaction exposure,,8.7454,below_detection,,2.1864,1.8465,detected,,,4.2266,below_detection,,941846.375,407.2298,detected,,,1.8149,below_detection,,,10.3112,below_detection,,,83.727,below_detection,,1852.3877,66.8093,detected,,,12.047,below_detection,,52799.5508,159.2564,detected,,,0.0,below_detection,,,2.2355,below_detection,,702.2147,40.5858,detected,,,1.2952,below_detection,,,1.0571,below_detection,,2716.0122,30.8562,detected,,43.5111,1.8789,detected,,,8.5902,below_detection,,,0.883,below_detection,,,0.0,below_detection,,,18.1198,below_detection,,,1.0897,below_detection,,,11.798,below_detection,,,0.3828,below_detection,,,0.0,below_detection,,,1.6986,below_detection,,,148.7043,below_detection,,,1.6091,below_detection,,,74.7326,below_detection,,,0.0,below_detection,,,0.7758,below_detection,,37.7316,2.9735,detected,,,0.8726,below_detection,,0.9454660363506133,0.31515534545020446,0.47273301817530666,0.6353153577861581,0.952973036679237
4487,31,sample4,mixed grains,"Original notebook cell 6 row-order assumption, mapped to Reading No; not independently verified","Fri Jun 20, 2025 - 04:21:19",ppm,1.5,20.21,not stated by export; not reaction exposure,,8.8938,below_detection,,2.8563,1.4861,detected,,,4.404,below_detection,,944518.4375,401.6973,detected,,,1.8423,below_detection,,,10.5149,below_detection,,,123.2262,below_detection,,243.0274,37.4364,detected,,,10.3645,below_detection,,51836.5938,158.9216,detected,,,0.0,below_detection,,,2.2968,below_detection,,656.1299,36.3115,detected,,,1.3305,below_detection,,,1.0508,below_detection,,2687.2898,30.901,detected,,19.5422,1.462,detected,,,8.8708,below_detection,,,0.8923,below_detection,,,0.0,below_detection,,,18.5348,below_detection,,,1.1526,below_detection,,,12.0398,below_detection,,,0.4608,below_detection,,,0.0,below_detection,,,1.6039,below_detection,,,152.1485,below_detection,,,1.6355,below_detection,,,82.1498,below_detection,,,0.0,below_detection,,,0.7548,below_detection,,36.1626,2.9573,detected,,,0.8706,below_detection,,0.9282226484018264,0.3094075494672755,0.4641113242009132,0.6237284908200913,0.935592736230137
4488,32,sample4,mixed grains,"Original notebook cell 6 row-order assumption, mapped to Reading No; not independently verified","Fri Jun 20, 2025 - 04:21:52",ppm,1.5,20.16,not stated by export; not reaction exposure,,9.1455,below_detection,,3.0972,1.692,detected,,,4.7965,below_detection,,951255.25,384.8711,detected,,,1.9379,below_detection,,,10.8227,below_detection,,,89.1422,below_detection,,269.4519,40.7007,detected,,,13.9062,below_detection,,45523.0625,159.0232,detected,,,0.0,below_detection,,,2.4951,below_detection,,612.5858,37.7848,detected,,,1.3351,below_detection,,,1.0775,below_detection,,2281.0615,30.072,detected,,26.2411,1.6743,detected,,,9.0977,below_detection,,,0.8999,below_detection,,,0.0,below_detection,,,19.0879,below_detection,,,1.1996,below_detection,,,12.4197,below_detection,,,0.4317,below_detection,,,0.0,below_detection,,,1.7561,below_detection,,,171.5011,below_detection,,,1.6775,below_detection,,,87.5381,below_detection,,,0.0,below_detection,,,0.7923,below_detection,,29.2486,2.9395,detected,,,0.8804,below_detection,,0.8151680992031515,0.27172269973438384,0.40758404960157574,0.5477603559405497,0.8216405339108244
4489,33,sample5,weathered surface,"Original notebook cell 6 row-order assumption, mapped to Reading No; not independently verified","Fri Jun 20, 2025 - 04:24:55",ppm,1.5,19.35,not stated by export; not reaction exposure,16.5478,14.556,detected,,8.0525,1.7573,detected,,,5.3598,below_detection,,927928.6875,585.1561,detected,,,2.1672,below_detection,,32.382,12.9563,detected,,,136.6653,below_detection,,455.6648,47.4453,detected,,15.2022,7.7063,detected,,65517.5938,189.0565,detected,,,0.0,below_detection,,,3.0153,below_detection,,1235.2177,50.3172,detected,,,1.548,below_detection,,10.2807,0.9556,detected,,2339.8423,32.7262,detected,,14.7988,1.5761,detected,,34.0542,7.5944,detected,,5.2096,0.8416,detected,,,0.0,below_detection,,40.0453,32.5838,detected,,,1.3927,below_detection,,66.9927,9.9301,detected,,8.5343,0.4477,detected,,,0.0,below_detection,,,1.9596,below_detection,,2051.9758,165.0058,detected,,,1.9102,below_detection,,133.3595,70.6267,detected,,,0.0,below_detection,,,0.9613,below_detection,,76.3992,4.2972,detected,,9.179,0.8399,detected,,1.1732042940281135,0.3910680980093712,0.5866021470140568,0.7883463574151311,1.1825195361226968
4490,34,sample5,weathered surface,"Original notebook cell 6 row-order assumption, mapped to Reading No; not independently verified","Fri Jun 20, 2025 - 04:25:49",ppm,1.5,19.74,not stated by export; not reaction exposure,22.0908,19.4312,detected,,5.2686,1.6793,detected,,,5.1117,below_detection,,937261.0625,525.7422,detected,,,2.2923,below_detection,,37.7242,15.0933,detected,,,112.7217,below_detection,,719.6553,53.8563,detected,,25.131,7.353,detected,,57146.0195,178.8585,detected,,,0.0,below_detection,,,2.929,below_detection,,1084.5944,48.5751,detected,,,1.5074,below_detection,,6.5221,0.8949,detected,,1953.9242,29.6373,detected,,16.2742,1.5793,detected,,44.6292,7.4401,detected,,3.4222,0.8074,detected,,,0.0,below_detection,,53.4875,43.52,detected,,,1.3424,below_detection,,97.3645,9.7189,detected,,6.2688,0.4089,detected,,,0.0,below_detection,,,1.9997,below_detection,,1314.1599,151.9359,detected,,,1.9659,below_detection,,134.2437,69.1719,detected,,,0.0,below_detection,,,0.9324,below_detection,,62.358,3.9436,detected,,5.8215,0.7698,detected,,1.0232969737666757,0.3410989912555586,0.5116484868833379,0.6876146344922555,1.031421951738383
4491,35,sample5,weathered surface,"Original notebook cell 6 row-order assumption, mapped to Reading No; not independently verified","Fri Jun 20, 2025 - 04:26:41",ppm,1.5,19.16,not stated by export; not reaction exposure,14.2647,12.5482,detected,,4.9643,1.7815,detected,,,5.3752,below_detection,,937749.25,538.7081,detected,,,2.1965,below_detection,,22.3852,8.5519,detected,,,157.9184,below_detection,,610.8412,52.9861,detected,,21.8344,7.5527,detected,,56402.5156,183.9174,detected,,,0.0,below_detection,,,3.0731,below_detection,,1032.3467,48.9841,detected,,,1.541,below_detection,,6.9911,0.921,detected,,1987.5394,30.8064,detected,,19.4494,1.7052,detected,,22.7168,7.4975,detected,,4.8439,0.8346,detected,,,0.0,below_detection,,36.4064,29.6239,detected,,,1.4364,below_detection,,57.1962,9.8178,detected,,5.6542,0.412,detected,,,0.0,below_detection,,,1.9998,below_detection,,1821.0222,167.6653,detected,,,1.9032,below_detection,,109.2901,72.1416,detected,,,0.0,below_detection,,,0.9634,below_detection,,63.6226,4.0863,detected,,6.8406,0.8052,detected,,1.009983267973856,0.3366610893246187,0.504991633986928,0.6786683567477123,1.0180025351215685
4492,36,sample5,weathered surface,"Original notebook cell 6 row-order assumption, mapped to Reading No; not independently verified","Fri Jun 20, 2025 - 04:27:21",ppm,1.5,19.63,not stated by export; not reaction exposure,28.5587,25.1213,detected,,5.8025,1.8176,detected,,,5.4216,below_detection,,919637.3125,634.3962,detected,,,2.1413,below_detection,,31.3236,12.5329,detected,,,142.5686,below_detection,,688.4184,51.4218,detected,,25.9514,8.1245,detected,,72803.3516,193.4778,detected,,,0.0,below_detection,,,3.055,below_detection,,1504.8906,53.4997,detected,,,2.4953,below_detection,,14.0571,1.0033,detected,,2636.6099,34.3271,detected,,21.9131,1.7243,detected,,64.4448,7.8509,detected,,5.9899,0.8917,detected,,,0.0,below_detection,,25.0119,20.3517,detected,,,1.4136,below_detection,,36.4496,10.1047,detected,,9.2518,0.4563,detected,,,0.0,below_detection,,,1.85,below_detection,,2246.6506,163.4862,detected,,,2.0355,below_detection,,123.6457,68.9286,detected,,,0.0,below_detection,,,1.0195,below_detection,,79.7858,4.344,detected,,10.5939,0.8588,detected,,1.3036682173874115,0.43455607246247047,0.6518341086937057,0.8760128953556449,1.3140193430334672
4493,37,sample5,weathered surface,"Original notebook cell 6 row-order assumption, mapped to Reading No; not independently verified","Fri Jun 20, 2025 - 04:28:24",ppm,1.5,20.5,not stated by export; not reaction exposure,37.6291,33.0946,detected,,4.1315,1.7006,detected,,,5.3884,below_detection,,938009.75,534.9089,detected,,,2.0512,below_detection,,69.6035,27.8446,detected,,,112.0628,below_detection,,969.289,59.9473,detected,,16.1166,7.2323,detected,,56083.0781,179.3803,detected,,,0.0,below_detection,,,4.056,below_detection,,1106.0702,50.0904,detected,,,1.5279,below_detection,,5.4164,0.8894,detected,,1906.5278,29.611,detected,,18.0026,1.6505,detected,,77.5027,7.6771,detected,,1.7686,0.7537,detected,,,0.0,below_detection,,102.9744,83.7744,detected,,,1.4255,below_detection,,163.0266,10.0041,detected,,5.1577,0.3983,detected,,,0.0,below_detection,,,2.514,below_detection,,1205.5688,151.9881,detected,,,1.9398,below_detection,,162.259,70.744,detected,,,0.0,below_detection,,,0.937,below_detection,,52.1338,3.7611,detected,,4.0049,0.7523,detected,,1.0042631945563614,0.33475439818545377,0.5021315972781807,0.6748246962140926,1.0122370443211388
4494,38,sample5,fresh surface,"Original notebook cell 6 row-order assumption, mapped to Reading No; not independently verified","Fri Jun 20, 2025 - 04:29:39",ppm,1.5,19.66,not stated by export; not reaction exposure,,8.7914,below_detection,,7.1058,1.6017,detected,,,4.3902,below_detection,,937538.3125,429.1167,detected,,,1.7591,below_detection,,,10.3389,below_detection,,,104.2736,below_detection,,1331.2925,58.4765,detected,,,10.1299,below_detection,,57627.4062,163.7872,detected,,,0.0,below_detection,,,2.3897,below_detection,,801.9601,40.8627,detected,,,1.3429,below_detection,,6.6071,0.8109,detected,,2571.0227,30.2843,detected,,20.0215,1.4725,detected,,,8.6115,below_detection,,,1.1572,below_detection,,,0.0,below_detection,,,18.2251,below_detection,,,1.1163,below_detection,,,11.874,below_detection,,29.5924,0.5911,detected,,,0.0,below_detection,,,1.5847,below_detection,,,168.8227,below_detection,,,1.7526,below_detection,,,79.719,below_detection,,,0.0,below_detection,,,0.8161,below_detection,,64.959,3.5644,detected,,1.7738,0.6946,detected,,1.0319170239054525,0.3439723413018175,0.5159585119527262,0.6934069633835078,1.0401104450752616
4495,39,sample5,fresh surface,"Original notebook cell 6 row-order assumption, mapped to Reading No; not independently verified","Fri Jun 20, 2025 - 04:30:15",ppm,1.5,20.03,not stated by export; not reaction exposure,,9.1182,below_detection,,7.091,1.5556,detected,,,4.4043,below_detection,,937106.125,445.9148,detected,,,1.9128,below_detection,,,10.7041,below_detection,,,87.6164,below_detection,,2052.582,70.0772,detected,,,14.9036,below_detection,,57288.9453,165.024,detected,,,0.0,below_detection,,,2.4826,below_detection,,811.6512,43.0851,detected,,,1.3571,below_detection,,9.8172,0.8533,detected,,2604.4402,30.7926,detected,,15.7125,1.4149,detected,,,9.0491,below_detection,,,1.0501,below_detection,,,0.0,below_detection,,,18.865,below_detection,,,1.1796,below_detection,,,12.2726,below_detection,,32.7588,0.6231,detected,,,0.0,below_detection,,,1.7235,below_detection,,,172.0951,below_detection,,,1.8063,below_detection,,,85.9665,below_detection,,,0.0,below_detection,,,0.8532,below_detection,,67.872,3.6742,detected,,3.0466,0.7269,detected,,1.0258563040558688,0.34195210135195625,0.5129281520279344,0.6893344020733815,1.0340016031100725
4496,40,sample5,fresh surface,"Original notebook cell 6 row-order assumption, mapped to Reading No; not independently verified","Fri Jun 20, 2025 - 04:30:49",ppm,1.5,19.42,not stated by export; not reaction exposure,,9.0519,below_detection,,5.903,1.5362,detected,,,4.4261,below_detection,,934978.625,457.6411,detected,,,1.7498,below_detection,,,10.6733,below_detection,,,92.6029,below_detection,,1023.3567,53.9405,detected,,,12.4609,below_detection,,60250.9609,168.4196,detected,,,0.0,below_detection,,,2.4424,below_detection,,880.4234,41.9001,detected,,,1.3602,below_detection,,7.0754,0.829,detected,,2737.3213,31.7009,detected,,16.5144,1.4224,detected,,,8.9347,below_detection,,,0.8967,below_detection,,,0.0,below_detection,,,18.7586,below_detection,,,1.1374,below_detection,,,12.2102,below_detection,,21.3722,0.5326,detected,,,0.0,below_detection,,,1.5326,below_detection,,,211.5134,below_detection,,,1.6887,below_detection,,,85.301,below_detection,,,0.0,below_detection,,,0.8021,below_detection,,76.1614,3.8454,detected,,2.2967,0.6956,detected,,1.0788962467544094,0.3596320822514698,0.5394481233772047,0.7249751219690929,1.0874626829536393
4497,41,sample5,fresh surface,"Original notebook cell 6 row-order assumption, mapped to Reading No; not independently verified","Fri Jun 20, 2025 - 04:31:43",ppm,1.5,19.99,not stated by export; not reaction exposure,,9.3984,below_detection,,5.7298,1.557,detected,,,4.7507,below_detection,,936373.125,459.546,detected,,,1.721,below_detection,,,11.0723,below_detection,,,90.4861,below_detection,,1343.9998,60.6963,detected,,,15.5774,below_detection,,58739.625,169.3324,detected,,,0.0,below_detection,,,2.4258,below_detection,,778.8816,41.8947,detected,,,1.3892,below_detection,,4.6676,0.818,detected,,2657.5488,31.7949,detected,,16.1078,1.4553,detected,,,9.3969,below_detection,,,0.9596,below_detection,,,0.0,below_detection,,,19.5298,below_detection,,,1.2304,below_detection,,,12.6973,below_detection,,18.0968,0.5108,detected,,,0.0,below_detection,,,1.8246,below_detection,,,173.9293,below_detection,,,1.7757,below_detection,,,86.8967,below_detection,,,0.0,below_detection,,,0.8296,below_detection,,60.9186,3.62,detected,,1.3275,0.6892,detected,,1.0518331990330378,0.35061106634434597,0.5259165995165189,0.70678983642224,1.0601847546333603
4498,42,sample5,fresh surface,"Original notebook cell 6 row-order assumption, mapped to Reading No; not independently verified","Fri Jun 20, 2025 - 04:32:18",ppm,1.5,20.09,not stated by export; not reaction exposure,,8.7114,below_detection,,4.1513,1.5069,detected,,,4.1703,below_detection,,933091.1875,438.9377,detected,,,1.8299,below_detection,,,10.2755,below_detection,,,94.1629,below_detection,,1058.8861,52.167,detected,,,13.5894,below_detection,,62028.2656,163.1906,detected,,,0.0,below_detection,,,2.4576,below_detection,,878.0206,40.1874,detected,,,1.3243,below_detection,,6.5941,0.793,detected,,2815.7305,30.8685,detected,,20.5204,1.4547,detected,,,8.5833,below_detection,,,0.8511,below_detection,,,0.0,below_detection,,,18.0654,below_detection,,,1.1024,below_detection,,,11.7412,below_detection,,21.9837,0.5176,detected,,,0.0,below_detection,,,1.6002,below_detection,,,161.0958,below_detection,,,1.603,below_detection,,,80.8075,below_detection,,,0.0,below_detection,,,0.772,below_detection,,73.3232,3.6461,detected,,1.3042,0.6595,detected,,1.1107219195988898,0.3702406398662966,0.5553609597994449,0.7463607010936698,1.1195410516405049
4499,43,sample6,all,"Original notebook cell 6 row-order assumption, mapped to Reading No; not independently verified","Fri Jun 20, 2025 - 04:35:10",ppm,1.5,20.09,not stated by export; not reaction exposure,,9.5045,below_detection,,2.1389,1.2925,detected,,,4.4716,below_detection,,929061.1875,495.5529,detected,,,1.8878,below_detection,,,11.2119,below_detection,,,92.6014,below_detection,,1244.5096,57.4499,detected,,14.8748,7.2348,detected,,65201.9297,172.8064,detected,,,0.0,below_detection,,,2.667,below_detection,,1012.6671,44.2099,detected,,,1.4131,below_detection,,5.1889,0.827,detected,,2629.9617,31.3,detected,,8.5474,1.2671,detected,,,9.5734,below_detection,,,1.638,below_detection,,,0.0,below_detection,,,19.805,below_detection,,,1.2009,below_detection,,,12.8672,below_detection,,26.0246,0.5775,detected,,,0.0,below_detection,,,1.6437,below_detection,,738.9769,122.8897,detected,,,1.8543,below_detection,,,91.6824,below_detection,,,0.0,below_detection,,,0.8691,below_detection,,51.1759,3.3878,detected,,2.794,0.721,detected,,1.1675517897752707,0.38918392992509027,0.5837758948876354,0.7845481006573909,1.1768221509860863
4500,44,sample6,all,"Original notebook cell 6 row-order assumption, mapped to Reading No; not independently verified","Fri Jun 20, 2025 - 04:35:34",ppm,1.5,19.41,not stated by export; not reaction exposure,,9.0372,below_detection,,1.6834,1.3049,detected,,,4.4081,below_detection,,927503.0625,496.9891,detected,,,1.7358,below_detection,,,10.6434,below_detection,,,106.8197,below_detection,,1926.3304,67.0585,detected,,10.9076,7.0024,detected,,64784.4492,171.3113,detected,,,0.0,below_detection,,,2.4376,below_detection,,1073.0438,45.8788,detected,,,1.3512,below_detection,,2.9711,0.7918,detected,,2552.262,30.5519,detected,,10.9274,1.3037,detected,,,8.9232,below_detection,,2.631,0.7108,detected,,,0.0,below_detection,,,18.7916,below_detection,,,1.1777,below_detection,,,12.1855,below_detection,,20.9889,0.5268,detected,,,0.0,below_detection,,,1.5832,below_detection,,2040.7511,146.6452,detected,,,1.7945,below_detection,,,131.1209,below_detection,,,0.0,below_detection,,,0.8288,below_detection,,66.373,3.6398,detected,,3.6208,0.7129,detected,,1.160076089175396,0.386692029725132,0.580038044587698,0.779524728882299,1.1692870933234485
4501,45,sample6,all,"Original notebook cell 6 row-order assumption, mapped to Reading No; not independently verified","Fri Jun 20, 2025 - 04:36:01",ppm,1.5,19.48,not stated by export; not reaction exposure,,9.4433,below_detection,,2.509,1.3388,detected,,,4.7547,below_detection,,933744.9375,484.4922,detected,,,1.9959,below_detection,,,11.1098,below_detection,,,90.1698,below_detection,,2750.5156,80.3949,detected,,,11.3492,below_detection,,59112.957,170.9777,detected,,,0.0,below_detection,,,2.7955,below_detection,,987.2252,47.8865,detected,,,1.415,below_detection,,,1.4722,below_detection,,2054.9333,28.2151,detected,,9.5948,1.3001,detected,,,9.4176,below_detection,,1.9687,0.6975,detected,,,0.0,below_detection,,,19.5761,below_detection,,,1.1961,below_detection,,,12.7258,below_detection,,18.3825,0.5146,detected,,,0.0,below_detection,,,1.7696,below_detection,,1255.6755,137.7838,detected,,,1.7902,below_detection,,,95.5493,below_detection,,,0.0,below_detection,,,0.8583,below_detection,,58.2639,3.5629,detected,,3.0005,0.7133,detected,,1.05851834542036,0.35283944847345333,0.52925917271018,0.711281987388665,1.0669229810829974
4502,46,sample6,all,"Original notebook cell 6 row-order assumption, mapped to Reading No; not independently verified","Fri Jun 20, 2025 - 04:36:27",ppm,1.5,20.64,not stated by export; not reaction exposure,,9.3378,below_detection,,,2.3014,below_detection,,,4.3052,below_detection,,923994.0,520.7192,detected,,,1.7712,below_detection,,,10.9982,below_detection,,,91.3763,below_detection,,4922.5146,97.4858,detected,,,10.9746,below_detection,,65867.4844,170.6858,detected,,,0.0,below_detection,,,2.5799,below_detection,,1072.8391,50.6888,detected,,,1.3746,below_detection,,1.1834,0.7719,detected,,2451.5627,29.7162,detected,,12.6782,1.333,detected,,,9.3512,below_detection,,2.313,0.7043,detected,,,0.0,below_detection,,,19.3941,below_detection,,,1.1262,below_detection,,,12.6049,below_detection,,17.7016,0.4937,detected,,,0.0,below_detection,,,1.5716,below_detection,,1574.5822,135.6929,detected,,,1.8048,below_detection,,,92.9986,below_detection,,,0.0,below_detection,,,0.8361,below_detection,,78.6428,3.8397,detected,,4.5221,0.7127,detected,,1.1794696821559674,0.3931565607186558,0.5897348410779837,0.7925564476215238,1.1888346714322855
4503,47,sample6,all,"Original notebook cell 6 row-order assumption, mapped to Reading No; not independently verified","Fri Jun 20, 2025 - 04:36:55",ppm,1.5,20.21,not stated by export; not reaction exposure,,9.9798,below_detection,,3.9452,1.3519,detected,,,4.6174,below_detection,,916962.25,578.7366,detected,,,2.1502,below_detection,,,11.7411,below_detection,,,96.8255,below_detection,,2659.9292,74.9051,detected,,13.4001,7.3502,detected,,74679.2422,179.2539,detected,,,0.0,below_detection,,,2.5982,below_detection,,1297.6768,49.6898,detected,,,1.4549,below_detection,,2.3117,0.8116,detected,,2788.1616,32.1292,detected,,7.7367,1.2708,detected,,,10.2057,below_detection,,1.5802,0.7107,detected,,,0.0,below_detection,,,20.7696,below_detection,,,1.2672,below_detection,,,13.5011,below_detection,,14.1542,0.4697,detected,,,0.0,below_detection,,,1.8457,below_detection,,1477.6307,133.8211,detected,,,1.9659,below_detection,,,163.4366,below_detection,,,0.0,below_detection,,,0.8854,below_detection,,89.0353,4.1142,detected,,2.9355,0.7073,detected,,1.3372592389649924,0.4457530796549975,0.6686296194824962,0.8985847182149163,1.3478770773223743
4504,48,sample7,dark big grains,"Original notebook cell 6 row-order assumption, mapped to Reading No; not independently verified","Fri Jun 20, 2025 - 04:39:34",ppm,1.5,19.57,not stated by export; not reaction exposure,,9.6465,below_detection,,,2.8401,below_detection,,,4.7787,below_detection,,929594.375,508.1756,detected,,,1.8991,below_detection,,,11.351,below_detection,,,91.8612,below_detection,,4903.4385,100.9959,detected,,,15.6841,below_detection,,62121.1133,172.0946,detected,,,0.0,below_detection,,,4.2544,below_detection,,900.4975,50.2484,detected,,,1.4152,below_detection,,,1.158,below_detection,,2385.436,30.1179,detected,,11.4855,1.3459,detected,,,9.7554,below_detection,,,0.9858,below_detection,,,0.0,below_detection,,,20.0526,below_detection,,,1.2223,below_detection,,,13.0312,below_detection,,9.7933,0.4236,detected,,,0.0,below_detection,,,1.6946,below_detection,,,172.5704,below_detection,,,1.833,below_detection,,,88.4445,below_detection,,,0.0,below_detection,,,0.8176,below_detection,,73.8689,3.8638,detected,,,1.2291,below_detection,,1.1123845160712686,0.3707948386904229,0.5561922580356343,0.7474778994192497,1.1212168491288743
4505,49,sample7,dark big grains,"Original notebook cell 6 row-order assumption, mapped to Reading No; not independently verified","Fri Jun 20, 2025 - 04:40:09",ppm,1.5,20.63,not stated by export; not reaction exposure,,13.8352,below_detection,,1.8254,1.4334,detected,,4.3417,3.5619,detected,,921519.5,574.2984,detected,,,1.9047,below_detection,,,12.1377,below_detection,,,110.1441,below_detection,,5177.8672,103.7585,detected,,12.9978,7.5922,detected,,69407.2266,181.3969,detected,,,0.0,below_detection,,5.6339,2.1477,detected,,998.9888,52.6417,detected,,,1.5256,below_detection,,,1.7755,below_detection,,2765.4243,33.1247,detected,,13.0707,1.4259,detected,,,10.9053,below_detection,,,1.1199,below_detection,,,0.0,below_detection,,,21.4868,below_detection,,,1.3605,below_detection,,,13.9598,below_detection,,11.5592,0.4583,detected,,,0.0,below_detection,,,1.6728,below_detection,,,175.2013,below_detection,,,1.9433,below_detection,,,92.7227,below_detection,,,0.0,below_detection,,,0.8745,below_detection,,79.8435,4.1023,detected,,1.7314,0.7017,detected,,1.2428548052645716,0.41428493508819053,0.6214274026322858,0.8351487149455814,1.2527230724183722
4506,50,sample7,dark big grains,"Original notebook cell 6 row-order assumption, mapped to Reading No; not independently verified","Fri Jun 20, 2025 - 04:40:41",ppm,1.5,20.02,not stated by export; not reaction exposure,,10.3695,below_detection,,2.044,1.4633,detected,,,4.9476,below_detection,,922338.5,586.8737,detected,,,1.9557,below_detection,,,12.1608,below_detection,,,98.6445,below_detection,,4923.666,102.6264,detected,,11.7122,7.6156,detected,,68832.5547,182.7404,detected,,,0.0,below_detection,,4.7813,2.1054,detected,,1036.3035,53.1547,detected,,,1.5397,below_detection,,,1.3899,below_detection,,2746.5344,33.2945,detected,,13.5681,1.4532,detected,,,10.6234,below_detection,,,1.0617,below_detection,,,0.0,below_detection,,,21.556,below_detection,,,1.2772,below_detection,,,13.9649,below_detection,,11.5045,0.4612,detected,,,0.0,below_detection,,,1.7433,below_detection,,,253.8494,below_detection,,,1.8653,below_detection,,,101.7161,below_detection,,,0.0,below_detection,,,0.8824,below_detection,,76.6836,4.0696,detected,,2.1252,0.7141,detected,,1.2325643244695137,0.41085477482317123,0.6162821622347568,0.8282339234705344,1.2423508852058016
4507,51,sample7,dark big grains,"Original notebook cell 6 row-order assumption, mapped to Reading No; not independently verified","Fri Jun 20, 2025 - 04:41:43",ppm,1.5,19.57,not stated by export; not reaction exposure,,8.9016,below_detection,,2.6979,1.3141,detected,,,4.3397,below_detection,,939800.125,429.9694,detected,,,1.6967,below_detection,,,10.4683,below_detection,,,86.1218,below_detection,,2587.3806,77.7064,detected,,,9.362,below_detection,,54733.2344,163.5114,detected,,,0.0,below_detection,,,2.5707,below_detection,,776.4927,43.9825,detected,,,1.3426,below_detection,,,1.0892,below_detection,,2036.8579,27.5425,detected,,10.3651,1.2671,detected,,,8.7812,below_detection,,,1.46,below_detection,,,0.0,below_detection,,,18.4389,below_detection,,,1.1009,below_detection,,,12.0035,below_detection,,7.3633,0.3848,detected,,,0.0,below_detection,,,1.4566,below_detection,,,167.935,below_detection,,,1.6627,below_detection,,,84.399,below_detection,,,0.0,below_detection,,,0.8025,below_detection,,45.5228,3.205,detected,,,1.4736,below_detection,,0.9800919401916017,0.3266973133972006,0.49004597009580086,0.6585825801311487,0.987873870196723
4508,52,sample7,dark big grains,"Original notebook cell 6 row-order assumption, mapped to Reading No; not independently verified","Fri Jun 20, 2025 - 04:42:16",ppm,1.5,20.1,not stated by export; not reaction exposure,,9.9448,below_detection,,3.1998,1.3844,detected,,,4.7026,below_detection,,927097.0,535.5134,detected,,,1.85,below_detection,,,11.7077,below_detection,,,94.912,below_detection,,5698.356,109.9873,detected,,,10.4549,below_detection,,63807.6797,178.3043,detected,,,0.0,below_detection,,4.1036,2.037,detected,,920.4803,53.0814,detected,,,1.4623,below_detection,,,1.187,below_detection,,2383.752,30.8625,detected,,9.042,1.3295,detected,,,10.0171,below_detection,,,1.2008,below_detection,,,0.0,below_detection,,,20.6722,below_detection,,,1.247,below_detection,,,13.4273,below_detection,,9.9113,0.4373,detected,,,0.0,below_detection,,,1.7277,below_detection,,,177.8376,below_detection,,,1.8285,below_detection,,,102.5322,below_detection,,,0.0,below_detection,,,0.8653,below_detection,,66.4549,3.8151,detected,,,1.2983,below_detection,,1.142585364849136,0.38086178828304534,0.571292682424568,0.7677716617640254,1.1516574926460381
4509,53,sample7,light green grains,"Original notebook cell 6 row-order assumption, mapped to Reading No; not independently verified","Fri Jun 20, 2025 - 04:43:39",ppm,1.5,20.23,not stated by export; not reaction exposure,,8.9494,below_detection,,3.7899,1.3875,detected,,,4.2458,below_detection,,927526.0625,471.6366,detected,,,1.7825,below_detection,,,10.5314,below_detection,,,90.7986,below_detection,,1918.3223,65.2733,detected,,,10.3811,below_detection,,66552.8984,169.1656,detected,,,0.0,below_detection,,,2.5619,below_detection,,954.214,43.4491,detected,,,1.365,below_detection,,,1.1084,below_detection,,2755.6768,31.1294,detected,,12.9633,1.323,detected,,,8.8113,below_detection,,,0.9205,below_detection,,,0.0,below_detection,,,18.5802,below_detection,,,1.1171,below_detection,,,12.0496,below_detection,,13.7387,0.4508,detected,,,0.0,below_detection,,,1.5444,below_detection,,196.1159,105.3996,detected,,,1.7362,below_detection,,,82.0929,below_detection,,,0.0,below_detection,,,0.8173,below_detection,,63.8241,3.5337,detected,,2.3447,0.6684,detected,,1.1917431891843497,0.39724772972811656,0.5958715945921749,0.8008037534043156,1.2012056301064733
4510,54,sample7,light green grains,"Original notebook cell 6 row-order assumption, mapped to Reading No; not independently verified","Fri Jun 20, 2025 - 04:44:12",ppm,1.5,19.59,not stated by export; not reaction exposure,,9.1774,below_detection,,2.5174,1.462,detected,,,4.5513,below_detection,,929162.875,477.2478,detected,,,1.8767,below_detection,,,10.8251,below_detection,,,92.6762,below_detection,,1317.0902,58.2381,detected,,19.3786,7.298,detected,,65556.2578,172.7659,detected,,,0.0,below_detection,,,2.3565,below_detection,,979.8336,43.7884,detected,,,1.3754,below_detection,,,1.4157,below_detection,,2644.9114,31.3491,detected,,16.9171,1.441,detected,,,9.0954,below_detection,,,0.9417,below_detection,,,0.0,below_detection,,,19.0639,below_detection,,,1.1721,below_detection,,,12.402,below_detection,,13.5064,0.4591,detected,,,0.0,below_detection,,,1.588,below_detection,,225.7124,109.4807,detected,,,1.7461,below_detection,,,83.2554,below_detection,,,0.0,below_detection,,,0.8494,below_detection,,59.5491,3.5478,detected,,1.435,0.6709,detected,,1.1738966389112724,0.3912988796370908,0.5869483194556362,0.7888115854828185,1.183217378224228
4511,55,sample7,light green grains,"Original notebook cell 6 row-order assumption, mapped to Reading No; not independently verified","Fri Jun 20, 2025 - 04:44:46",ppm,1.5,21.0,not stated by export; not reaction exposure,,9.3633,below_detection,,,5.8688,below_detection,,,4.841,below_detection,,933779.4375,472.0394,detected,,,2.0944,below_detection,,,11.0116,below_detection,,,91.7788,below_detection,,1478.6158,62.8213,detected,,25.5694,7.2429,detected,,60565.8789,170.8952,detected,,,0.0,below_detection,,8.8903,2.198,detected,,896.3446,44.0112,detected,,,1.4099,below_detection,,3.1119,0.8022,detected,,2340.7163,30.1167,detected,,106.6248,2.8237,detected,,,9.3105,below_detection,,3.6745,0.7681,detected,,,0.0,below_detection,,,19.5194,below_detection,,,1.2941,below_detection,,,12.672,below_detection,,52.5018,0.7805,detected,,,0.0,below_detection,,,1.9824,below_detection,,664.0435,124.2391,detected,,,1.9445,below_detection,,,91.5531,below_detection,,,0.0,below_detection,,,0.9309,below_detection,,63.0579,3.7015,detected,,11.5358,0.8818,detected,,1.0845353908138597,0.36151179693795327,0.5422676954069299,0.7287644012112812,1.0931466018169218
4512,56,sample7,light green grains,"Original notebook cell 6 row-order assumption, mapped to Reading No; not independently verified","Fri Jun 20, 2025 - 04:45:18",ppm,1.5,19.01,not stated by export; not reaction exposure,,9.5428,below_detection,,4.9369,1.6783,detected,,,4.5804,below_detection,,939386.875,481.0526,detected,,,1.9797,below_detection,,,11.2563,below_detection,,,93.8361,below_detection,,1175.9073,61.25,detected,,19.5203,7.3826,detected,,56327.5234,175.221,detected,,,0.0,below_detection,,,4.7365,below_detection,,785.7707,43.9938,detected,,,1.4022,below_detection,,,1.1461,below_detection,,2222.678,30.8515,detected,,19.2129,1.5984,detected,,,9.3674,below_detection,,,1.3669,below_detection,,,0.0,below_detection,,,20.0104,below_detection,,,1.1896,below_detection,,,12.9904,below_detection,,10.1814,0.4497,detected,,,0.0,below_detection,,,1.8493,below_detection,,,287.6779,below_detection,,,1.76,below_detection,,,89.7289,below_detection,,,0.0,below_detection,,,0.823,below_detection,,47.3849,3.5173,detected,,,1.0002,below_detection,,1.008640404691557,0.33621346823051895,0.5043202023457785,0.6777660063365385,1.016649009504808
4513,57,sample7,light green grains,"Original notebook cell 6 row-order assumption, mapped to Reading No; not independently verified","Fri Jun 20, 2025 - 04:45:54",ppm,1.5,20.29,not stated by export; not reaction exposure,,8.9578,below_detection,,3.286,1.4777,detected,,,4.6125,below_detection,,930171.0625,480.4385,detected,,,1.8628,below_detection,,,10.5621,below_detection,,,91.4903,below_detection,,1861.0756,66.0119,detected,,11.1578,7.0394,detected,,64410.9688,170.0594,detected,,,0.0,below_detection,,,2.5994,below_detection,,884.2435,43.2545,detected,,,1.3694,below_detection,,,1.1183,below_detection,,2565.6829,30.6588,detected,,17.1912,1.4396,detected,,,8.8139,below_detection,,,1.4971,below_detection,,,0.0,below_detection,,,18.5794,below_detection,,,1.1892,below_detection,,,12.1283,below_detection,,12.9683,0.4493,detected,,,0.0,below_detection,,,1.6255,below_detection,,,237.3224,below_detection,,,1.7081,below_detection,,,83.3112,below_detection,,,0.0,below_detection,,,0.7919,below_detection,,60.7402,3.5377,detected,,1.615,0.6644,detected,,1.1533882854328945,0.38446276181096484,0.5766941427164473,0.7750307922794877,1.1625461884192316
