scenario,mode,extent_mol,reactor_h2_mol,water_kg,salt_mol,export_h2_mol,export_water_kg,export_salt_mol,outlet_separator_gas_mol,flow_pump_kwh,feed_water_kg,feed_salt_mol,circulated_water_kg,time_days,altered_fraction_proxy,expansion_loading,crack_opening_fraction,porosity,area_factor,passivation_factor,pore_access_factor,permeability_ratio,generated_h2_kg,retained_h2_kg,dissolved_h2_kg,free_h2_kg,exported_h2_kg,outlet_collected_h2_kg,outlet_uncollected_gas_h2_kg,outlet_residual_dissolved_h2_kg,endpoint_collected_h2_kg,endpoint_residual_h2_kg,endpoint_uncollected_gas_h2_kg,salt_molality,water_consumed_kg,remaining_reactive_fe_kg,flow_head_bar,solid_mass_gain_kg,total_deliverable_h2_kg,gross_electricity_kwh,outlet_delivered_electricity_kwh,new_feed_heater_kwh,standalone_engineering_balance_kwh,h2_balance_error_kg,water_balance_error_kg,salt_balance_error_kg,hydrogen_recovery_balance_error_kg
no_feedback_null,stationary,20.069585568183406,20.069585568183406,19991.117087175644,90000.0,0.0,0.0,0.0,0.0,0.0,0.0,0.0,0.0,3.0,0.005680902413907154,0.0,0.0,0.35,1.0,1.0,1.0,1.0,0.04045787615518956,0.04045787615518956,0.04045787615518956,0.0,0.0,0.0,0.0,0.0,0.0,0.04045787615518956,0.0,4.501999543473999,8.882912824355515,588.5080479818344,0.0,8.842454948200325,0.0,0.0,0.0,0.0,-907.7186152246713,0.0,0.0,0.0,0.0
no_feedback_null,stationary,195.64221100785383,195.64221100785383,19913.40764365847,90000.0,0.0,0.0,0.0,0.0,0.0,0.0,0.0,0.0,30.0,0.055378538086935186,0.0,0.0,0.35,1.0,1.0,1.0,1.0,0.39439122032651236,0.39439122032651236,0.39439122032651236,0.0,0.0,0.0,0.0,0.0,0.25831788275492423,0.10737135059881872,0.028701986972769353,4.5195680021475875,86.59235634152836,559.0934881787991,0.0,86.19796512120185,0.25831788275492423,4.3048675161108125,0.0,0.0,-903.4137477085604,0.0,-3.637978807091713e-12,0.0,5.551115123125783e-17
no_feedback_null,stationary,555.0234862276235,555.0234862276235,19754.343445365117,90000.0,0.0,0.0,0.0,0.0,0.0,0.0,0.0,0.0,90.0,0.15710510074927603,0.0,0.0,0.35,1.0,1.0,1.0,1.0,1.1188607454165416,1.1188607454165416,1.1188607454165416,0.0,0.0,0.0,0.0,0.0,0.9115779509223424,0.10599635550282771,0.10128643899137135,4.555960072725998,245.65655463488082,498.8845462348551,0.0,244.53769388946426,0.9115779509223424,15.191446552120835,0.0,0.0,-892.5271686725505,0.0,-3.637978807091713e-12,0.0,0.0
no_feedback_null,stationary,1766.4082311158868,1766.4082311158868,19218.177661122125,90000.0,0.0,0.0,0.0,0.0,0.0,0.0,0.0,0.0,365.0,0.5000000000000002,0.0,0.0,0.35,1.0,1.0,1.0,1.0,3.5608670249418934,3.5608670249418934,1.1955635818507173,2.365303443091176,0.0,0.0,0.0,0.0,3.1135025758823485,0.1014197184059507,0.3459447306535942,4.683066292079694,781.8223388778578,295.93520299999983,0.0,778.2614718529159,3.1135025758823485,51.88652042707933,0.0,0.0,-855.8320947975919,0.0,-1.8189894035458565e-11,0.0,0.0
no_feedback_null,recirculating,20.069585568183413,20.069585568183413,19991.117087175648,90000.0,0.0,0.0,0.0,0.0,4.283852517592859,0.0,0.0,20000.0,3.0,0.005680902413907156,0.0,0.0,0.35,1.0,1.0,1.0,1.0,0.04045787615518957,0.04045787615518957,0.04045787615518957,0.0,0.0,0.0,0.0,0.0,0.0,0.04045787615518957,0.0,4.501999543473998,8.882912824355516,588.5080479818344,5.0,8.842454948200327,0.0,0.0,0.0,0.0,-912.0024677422641,0.0,3.637978807091713e-12,0.0,0.0
no_feedback_null,recirculating,195.6422110078539,195.6422110078539,19913.40764365847,90000.0,0.0,0.0,0.0,0.0,42.856091661892044,0.0,0.0,199999.99999999997,30.0,0.05537853808693521,0.0,0.0,0.35,1.0,1.0,1.0,1.0,0.39439122032651247,0.39439122032651247,0.39439122032651247,0.0,0.0,0.0,0.0,0.0,0.25831788275492434,0.10737135059881872,0.028701986972769367,4.5195680021475875,86.59235634152837,559.0934881787991,5.0,86.19796512120186,0.25831788275492434,4.304867516110814,0.0,0.0,-946.2698393704525,0.0,-3.637978807091713e-12,0.0,5.551115123125783e-17
no_feedback_null,recirculating,555.0234862276233,555.0234862276233,19754.34344536512,90000.0,0.0,0.0,0.0,0.0,128.68006295578627,0.0,0.0,600000.0000000002,90.0,0.15710510074927597,0.0,0.0,0.35,1.0,1.0,1.0,1.0,1.1188607454165411,1.1188607454165411,1.1188607454165411,0.0,0.0,0.0,0.0,0.0,0.911577950922342,0.10599635550282784,0.10128643899137131,4.5559600727259975,245.65655463488073,498.8845462348551,5.0,244.53769388946418,0.911577950922342,15.191446552120828,0.0,0.0,-1021.2072316283368,0.0,0.0,0.0,0.0
no_feedback_null,recirculating,1766.4082311158868,1766.4082311158868,19218.17766112216,90000.0,0.0,0.0,0.0,0.0,523.609475290604,0.0,0.0,2433333.3333333354,365.0,0.5000000000000002,0.0,0.0,0.35,1.0,1.0,1.0,1.0,3.5608670249418934,3.5608670249418934,1.1955635818507209,2.3653034430911726,0.0,0.0,0.0,0.0,3.1135025758823485,0.1014197184059507,0.3459447306535942,4.683066292079685,781.8223388778578,295.93520299999983,5.0,778.2614718529159,3.1135025758823485,51.88652042707933,0.0,0.0,-1379.441570088196,0.0,1.8189894035458565e-11,0.0,0.0
no_feedback_null,once_through,20.069585568183413,12.678831586284119,19991.117087175644,89985.27964596129,7.390753981899297,20000.000000000007,90014.72035403871,0.0,106.23476968842556,20000.000000000007,89999.99999999996,0.0,3.0,0.005680902413907156,0.0,0.0,0.35,1.0,1.0,1.0,1.0,0.04045787615518957,0.025559003018158426,0.025559003018158426,0.0,0.014898873137031154,0.0,0.0,0.014898873137031154,0.0,0.025559003018158426,0.0,4.501263198727753,8.882912824355516,588.5080479818344,5.0,8.842454948200327,0.0,0.0,0.0,731.2062421052632,-1745.15962701836,-5.371383338115265e-18,0.0,2.5513640139251947e-12,-6.938893903907228e-18
no_feedback_null,once_through,195.64221100785383,19.04514370029332,19913.407643658466,89648.26709706069,176.59706730756056,199999.99999999997,900351.7329029393,0.0,1062.34972396142,199999.99999999997,900000.0,0.0,30.0,0.055378538086935186,0.0,0.0,0.35,1.0,1.0,1.0,1.0,0.39439122032651236,0.038392724282547294,0.038392724282547294,0.0,0.35599849604396516,0.0,0.0,0.35599849604396516,0.0,0.038392724282547294,0.0,4.501904882442844,86.59235634152836,559.0934881787991,5.0,86.19796512120185,0.0,0.0,0.0,7312.062421052629,-9282.13076023872,-1.1458951121312565e-16,0.0,0.0,-1.1102230246251565e-16
no_feedback_null,once_through,555.0234862276234,16.85767043336932,19754.343445365103,88928.1213581972,538.1658157942543,600000.0000000001,2701071.8786418014,0.0,3187.049337197987,600000.0000000001,2699999.9999999995,0.0,90.0,0.157105100749276,0.0,0.0,0.35,1.0,1.0,1.0,1.0,1.1188607454165413,0.03398304067322055,0.03398304067322055,0.0,1.0848777047433213,0.0,0.0,1.0848777047433213,0.0,0.03398304067322055,0.0,4.501699669449764,245.6565546348808,498.8845462348551,5.0,244.53769388946424,0.0,0.0,0.0,21936.1872631579,-26030.955215580558,-4.583580448525026e-16,0.0,-5.442909896373749e-11,-4.440892098500626e-16
no_feedback_null,once_through,1766.4082311158863,9.725445636752333,19218.177661122158,86501.16989426644,1756.6827854791338,2433333.333333335,10953498.830105733,0.0,12925.247238518312,2433333.333333335,10949999.999999998,0.0,365.0,0.5000000000000001,0.0,0.0,0.35,1.0,1.0,1.0,1.0,3.5608670249418926,0.019605331350216294,0.019605331350216294,0.0,3.541261693591676,0.0,0.0,3.541261693591676,0.0,0.019605331350216294,0.0,4.501007921747748,781.8223388778575,295.93520299999994,5.0,778.2614718529156,0.0,0.0,0.0,88963.42612280707,-102796.39197655005,4.583580448525026e-16,0.0,1.0885819792747498e-10,0.0
intrinsic_limited,stationary,19.91384082888716,19.91384082888716,19991.18602068388,90000.0,0.0,0.0,0.0,0.0,0.0,0.0,0.0,0.0,3.0,0.005636817265142347,0.0014655724889370103,0.0,0.34853442751106295,1.0,0.9887896747555531,0.9956894926795969,0.9830524511147531,0.04014391345013704,0.04014391345013704,0.04014391345013704,0.0,0.0,0.0,0.0,0.0,0.0,0.04014391345013704,0.0,4.501984019701558,8.813979316121355,588.5341406767322,0.0,8.773835402671217,0.0,0.0,0.0,0.0,-907.7186152246713,0.0,0.0,0.0,0.0
intrinsic_limited,stationary,182.22113347796682,182.22113347796682,19919.347888976536,90000.0,0.0,0.0,0.0,0.0,0.0,0.0,0.0,0.0,30.0,0.051579564187960385,0.0134106866888697,0.0,0.3365893133111303,1.0,0.9019834309025037,0.9605568038562656,0.8538048609218638,0.36733593855556373,0.36733593855556373,0.36733593855556373,0.0,0.0,0.0,0.0,0.0,0.233921779930939,0.1074228497434093,0.025991308881215435,4.518220199859376,80.65211102346352,561.3419884027688,0.0,80.28477508490795,0.233921779930939,3.898306462549098,0.0,0.0,-903.8203087621222,0.0,0.0,0.0,0.0
intrinsic_limited,stationary,474.2716213818246,474.2716213818246,19790.084680449047,90000.0,0.0,0.0,0.0,0.0,0.0,0.0,0.0,0.0,90.0,0.13424745566380622,0.03490433847258962,0.09342976226147313,0.3167262135501044,1.3737190490458926,0.7645293132391588,0.9021359222061894,0.6706332589776179,0.9560746761111926,0.9560746761111926,0.9560746761111926,0.0,0.0,0.0,0.0,0.0,0.7647930363232799,0.10630463575199268,0.08497700403591997,4.5477319300666,209.9153195509569,512.4133099117961,0.0,208.9592448748457,0.7647930363232799,12.745275950327459,0.0,0.0,-894.9733392743439,0.0,3.637978807091713e-12,0.0,0.0
intrinsic_limited,stationary,2038.1076203217715,2038.1076203217715,19097.92196473287,90000.0,0.0,0.0,0.0,0.0,0.0,0.0,0.0,0.0,365.0,0.5769073038779506,0.14999589900826718,0.9092746057339086,0.26819783195795543,4.637098422935635,0.3154312251038933,0.7594053881116337,0.3549776296195797,4.108580389654253,4.108580389654253,1.1836091376669802,2.924971251987272,0.0,0.0,0.0,0.0,3.6073571175965684,0.10040581454695403,0.4008174575107297,4.712554599720236,902.0780352671563,250.41604582939195,0.0,897.9694548775021,3.6073571175965684,60.11660636474681,0.0,0.0,-847.6020088599245,0.0,2.546585164964199e-11,0.0,8.881784197001252e-16
intrinsic_limited,recirculating,19.913840828887157,19.913840828887157,19991.186020683883,90000.0,0.0,0.0,0.0,0.0,4.320788447379305,0.0,0.0,20000.0,3.0,0.005636817265142346,0.00146557248893701,0.0,0.34853442751106295,1.0,0.9887896747555531,0.9956894926795969,0.9830524511147531,0.040143913450137035,0.040143913450137035,0.040143913450137035,0.0,0.0,0.0,0.0,0.0,0.0,0.040143913450137035,0.0,4.501984019701557,8.813979316121353,588.5341406767322,5.086198599403464,8.773835402671216,0.0,0.0,0.0,0.0,-912.0394036720506,0.0,3.637978807091713e-12,0.0,0.0
intrinsic_limited,recirculating,182.22113347796682,182.22113347796682,19919.347888976543,90000.0,0.0,0.0,0.0,0.0,46.53359695086594,0.0,0.0,199999.99999999997,30.0,0.051579564187960385,0.0134106866888697,0.0,0.3365893133111303,1.0,0.9019834309025037,0.9605568038562656,0.8538048609218638,0.36733593855556373,0.36733593855556373,0.36733593855556373,0.0,0.0,0.0,0.0,0.0,0.23392177993093893,0.10742284974340935,0.02599130888121543,4.518220199859374,80.65211102346352,561.3419884027688,5.856139065080325,80.28477508490795,0.23392177993093893,3.898306462549097,0.0,0.0,-950.3539057129881,0.0,7.275957614183426e-12,0.0,0.0
intrinsic_limited,recirculating,474.2716100860623,474.2716100860623,19790.084685448623,90000.0,0.0,0.0,0.0,0.0,161.33499797672437,0.0,0.0,600000.0000000001,90.0,0.13424745246642464,0.034904337641270405,0.09342974718848784,0.31672621407953233,1.3737189887539514,0.7645293181281427,0.9021359237633304,0.6706332633799031,0.9560746533402912,0.9560746533402912,0.9560746533402912,0.0,0.0,0.0,0.0,0.0,0.7647930157906332,0.10630463579514332,0.08497700175451477,4.547731928917705,209.9153145513882,512.4133118042315,7.455639725951945,208.9592398980479,0.7647930157906332,12.745275608150902,0.0,0.0,-1056.3083375932447,0.0,1.0913936421275139e-11,0.0,0.0
intrinsic_limited,recirculating,2038.1076138500778,2038.1076138500778,19097.921967597256,90000.0,0.0,0.0,0.0,0.0,1032.60731209441,0.0,0.0,2433333.333333335,365.0,0.5769073020460712,0.14999589853197853,0.9092746048696791,0.26819783215289006,4.637098419478717,0.3154312262595572,0.7594053886849708,0.35497763058272147,4.108580376608095,4.108580376608095,1.1836091379510656,2.9249712386570286,0.0,0.0,0.0,0.0,3.607357105833341,0.10040581457104854,0.40081745620370446,4.712554599013426,902.0780324027479,250.41604691362718,14.085394597378258,897.9694520261398,3.607357105833341,60.11660616871263,0.0,0.0,-1880.2093211503686,0.0,3.637978807091713e-12,0.0,8.881784197001252e-16
intrinsic_limited,once_through,19.913840828887157,12.564417716567414,19991.186020683876,89985.36196571305,7.349423112319737,20000.000000000004,90014.63803428697,0.0,106.27170516752855,20000.000000000004,89999.99999999997,0.0,3.0,0.005636817265142346,0.00146557248893701,0.0,0.34853442751106295,1.0,0.9887896747555531,0.9956894926795969,0.9830524511147531,0.040143913450137035,0.025328358386473918,0.025328358386473918,0.0,0.01481555506366311,0.0,0.0,0.01481555506366311,0.0,0.025328358386473918,0.0,4.501251795296673,8.813979316121353,588.5341406767322,5.086198599403464,8.773835402671216,0.0,0.0,0.0,731.2062421052631,-1745.196562497463,1.074276667623053e-17,-3.637978807091713e-12,1.7009093426167966e-12,6.938893903907228e-18
intrinsic_limited,once_through,182.22113347796676,16.783690511186094,19919.347888976536,89670.49400674242,165.43744296678068,199999.99999999997,900329.5059932577,0.0,1066.0261190545068,199999.99999999997,899999.9999999999,0.0,30.0,0.05157956418796037,0.013410686688869697,0.0,0.3365893133111303,1.0,0.9019834309025037,0.9605568038562656,0.8538048609218638,0.3673359385555636,0.03383390602768982,0.03383390602768982,0.0,0.3335020325278738,0.0,0.0,0.3335020325278738,0.0,0.03383390602768982,0.0,4.50167819280703,80.65211102346349,561.3419884027688,5.856139065080325,80.28477508490792,0.0,0.0,0.0,7312.062421052629,-9285.807155331806,0.0,0.0,1.3607274740934373e-11,0.0
intrinsic_limited,once_through,474.271619230635,15.57913382838442,19790.08468140118,89086.41042625037,458.6924854022506,600000.0000000002,2700913.5895737493,0.0,3219.67515013971,600000.0000000002,2700000.0,0.0,90.0,0.1342474550548899,0.03490433831427138,0.09342975939094104,0.3167262136509298,1.3737190375637642,0.7645293141702275,0.9021359225027348,0.6706332598159988,0.9560746717746524,0.03140566430196358,0.03140566430196358,0.0,0.9246690074726889,0.0,0.0,0.9246690074726889,0.0,0.03140566430196358,0.0,4.5015679245664995,209.91531859882812,512.4133102721955,7.455639765572985,208.95924392705348,0.0,0.0,0.0,21936.187263157903,-26063.581028522283,-1.1458951121312565e-16,0.0,-2.7214549481868745e-11,0.0
intrinsic_limited,once_through,2038.1076190892875,9.13681927427538,19097.921965278383,85958.84688076409,2028.9707998150118,2433333.3333333354,10954041.153119247,0.0,13430.519148231197,2433333.3333333354,10949999.999999998,0.0,365.0,0.5769073035290834,0.14999589891756168,0.9092746055693228,0.26819783199507924,4.637098422277291,0.31543122532398055,0.7594053882208214,0.35497762980300257,4.108580387169712,0.01841873123862625,0.01841873123862625,0.0,4.090161655931086,0.0,0.0,4.090161655931086,0.0,0.01841873123862625,0.0,4.500952880478015,902.0780347216519,250.41604603587618,14.085394628317244,897.9694543344822,0.0,0.0,0.0,88963.42612280707,-103301.66388626293,4.583580448525026e-16,0.0,7.620073854923248e-10,0.0
film_only_hypothesis,stationary,10.009806297700106,10.009806297700106,19995.56960274894,90000.0,0.0,0.0,0.0,0.0,0.0,0.0,0.0,0.0,3.0,0.002833378525239505,0.0007366784165622714,0.0,0.3492633215834377,1.0,0.9943492687315615,0.9978332987748169,0.9914502980496,0.02017856831940769,0.02017856831940769,0.02017856831940769,0.0,0.0,0.0,0.0,0.0,0.0,0.02017856831940769,0.0,4.500997060250138,4.430397251058089,590.1934131019148,0.0,4.410218682738681,0.0,0.0,0.0,0.0,-907.7186152246713,0.0,-3.637978807091713e-12,0.0,0.0
film_only_hypothesis,stationary,95.57701594775024,95.57701594775024,19957.697068641923,90000.0,0.0,0.0,0.0,0.0,0.0,0.0,0.0,0.0,30.0,0.027054056436142098,0.0070340546733969455,0.0,0.342965945326603,1.0,0.94732968243225,0.9793116039017736,0.9208731649331612,0.19267179490875075,0.19267179490875075,0.19267179490875075,0.0,0.0,0.0,0.0,0.0,0.07642459546446095,0.10775557772601635,0.008491621718273437,4.509538334531114,42.302931358076336,575.8579106331936,0.0,42.11025956316759,0.07642459546446095,1.2736158834152418,0.0,0.0,-906.4449993412561,0.0,0.0,0.0,0.0
film_only_hypothesis,stationary,261.3857393745076,261.3857393745076,19884.309183739486,90000.0,0.0,0.0,0.0,0.0,0.0,0.0,0.0,0.0,90.0,0.07398791931845318,0.019236859022797828,0.0,0.33076314097720216,1.0,0.8624519527050902,0.9434210028741241,0.7961853789096425,0.5269222842902823,0.5269222842902823,0.5269222842902823,0.0,0.0,0.0,0.0,0.0,0.37782274337963245,0.10711923609069073,0.041980304819959145,4.526181883834217,115.69081626051856,548.0791461538918,0.0,115.16389397622828,0.37782274337963245,6.296416018421574,0.0,0.0,-901.4221992062497,0.0,3.637978807091713e-12,0.0,0.0
film_only_hypothesis,stationary,1152.3018548334749,1152.3018548334749,19489.984639241604,90000.0,0.0,0.0,0.0,0.0,0.0,0.0,0.0,0.0,365.0,0.32617088013271306,0.0848044288345054,0.6658243669267538,0.2934279987361543,3.6632974677070154,0.5208247009956333,0.8336117609886893,0.49867131499004597,2.3229022631217053,2.3229022631217053,1.2227853406127556,1.1001169225089495,0.0,0.0,0.0,0.0,1.997256393174753,0.10372849292753547,0.22191737701941694,4.6177563331061755,510.01536075841403,398.81951475047373,0.0,507.6924584952923,1.997256393174753,33.28427779225726,0.0,0.0,-874.434337432414,0.0,1.8189894035458565e-11,0.0,0.0
film_only_hypothesis,recirculating,15.964784471678806,15.964784471678806,19992.933895508715,90000.0,0.0,0.0,0.0,0.0,4.313364716133588,0.0,0.0,20000.0,3.0,0.004518996285924641,0.0011749390343404067,0.0,0.3488250609656596,1.0,0.99100272731533,0.9965442969578223,0.986393633588735,0.03218308972076787,0.03218308972076787,0.03218308972076787,0.0,0.0,0.0,0.0,0.0,0.0,0.03218308972076787,0.0,4.501590435419682,7.066104491283906,589.1957458335373,5.068970266777583,7.033921401563139,0.0,0.0,0.0,0.0,-912.0319799408048,0.0,0.0,0.0,0.0
film_only_hypothesis,recirculating,148.53396023600453,148.53396023600453,19934.258023627335,90000.0,0.0,0.0,0.0,0.0,45.79694606443451,0.0,0.0,199999.99999999997,30.0,0.04204406365967049,0.010931456551514328,0.0,0.33906854344848564,1.0,0.9193502326534485,0.9678486572014284,0.8793711990830827,0.2994266397605568,0.2994266397605568,0.2994266397605568,0.0,0.0,0.0,0.0,0.0,0.17268703090074017,0.10755216098195662,0.019187447877860014,4.514840727622084,65.74197637266623,566.9857689718609,5.685881008172069,65.44254973290568,0.17268703090074017,2.8778293699608346,0.0,0.0,-950.6377319191449,0.0,0.0,0.0,-5.551115123125783e-17
film_only_hypothesis,recirculating,388.48601108248715,388.48601108248715,19828.05387992675,90000.0,0.0,0.0,0.0,0.0,154.97244888645514,0.0,0.0,600000.0000000002,90.0,0.10996495720501438,0.02859088887330374,0.0,0.32140911112669623,1.0,0.8025750449369249,0.9159091503726361,0.7105278133633696,0.7831411800209641,0.7831411800209641,0.7831411800209641,0.0,0.0,0.0,0.0,0.0,0.6088577546610825,0.10663256373087253,0.06765086162900914,4.539023372894551,171.94612007325568,526.7854021332954,7.037022205129302,171.1629788932347,0.6088577546610825,10.146614481426939,0.0,0.0,-1052.5444496296996,0.0,3.637978807091713e-12,0.0,0.0
film_only_hypothesis,recirculating,1769.5513862970017,1769.5513862970017,19216.786482745676,90000.0,0.0,0.0,0.0,0.0,939.0255188882417,0.0,0.0,2433333.333333335,365.0,0.5008897023705359,0.13023132261633932,0.8652893928680878,0.2761125684232108,4.461157571472351,0.3672254168092732,0.7826840247741494,0.39585764358518616,3.5672032486083998,3.5672032486083998,1.1954249713323435,2.371778277276056,0.0,0.0,0.0,0.0,3.119215757664443,0.10140796231457425,0.34657952862938246,4.683405317575287,783.2135172543324,295.40861449673173,12.630803221875974,779.646314005724,3.119215757664443,51.981730601477935,0.0,0.0,-1794.762403511435,0.0,7.275957614183426e-12,0.0,0.0
film_only_hypothesis,once_through,15.964784471678826,10.076547450414749,19992.93389550872,89988.27224748259,5.888237021264071,20000.000000000007,90011.72775251744,0.0,106.26429207795361,20000.000000000007,89999.99999999997,0.0,3.0,0.004518996285924646,0.001174939034340408,0.0,0.3488250609656596,1.0,0.99100272731533,0.9965442969578223,0.986393633588735,0.03218308972076791,0.020313110474342082,0.020313110474342082,0.0,0.011869979246425813,0.0,0.0,0.011869979246425813,0.0,0.020313110474342082,0.0,4.501003840546778,7.066104491283915,589.1957458335373,5.068970266777583,7.0339214015631475,0.0,0.0,0.0,731.2062421052632,-1745.1891494078882,1.2533227788935619e-17,7.275957614183426e-12,3.401818685233593e-12,1.3877787807814457e-17
film_only_hypothesis,once_through,148.5339602360045,13.892156138734508,19934.25802362734,89731.83046958744,134.64180409727,199999.99999999997,900268.1695304124,0.0,1065.2930384187202,199999.99999999997,899999.9999999999,0.0,30.0,0.042044063659670484,0.010931456551514326,0.0,0.33906854344848564,1.0,0.9193502326534485,0.9678486572014284,0.8793711990830827,0.2994266397605567,0.02800491971695212,0.02800491971695212,0.0,0.27142172004360465,0.0,0.0,0.27142172004360465,0.0,0.02800491971695212,0.0,4.501388030757484,65.74197637266622,566.9857689718609,5.685881008172069,65.44254973290566,0.0,0.0,0.0,7312.062421052629,-9285.07407469602,-5.729475560656283e-17,0.0,0.0,-5.551115123125783e-17
film_only_hypothesis,once_through,388.48601108248704,10.571382126261005,19828.053879926752,89247.29775226406,377.91462895622595,600000.0000000002,2700752.702247736,0.0,3213.3534001362577,600000.0000000002,2699999.9999999995,0.0,90.0,0.10996495720501435,0.028590888873303733,0.0,0.32140911112669623,1.0,0.8025750449369249,0.9159091503726361,0.7105278133633696,0.7831411800209639,0.021310637800687034,0.021310637800687034,0.0,0.7618305422202767,0.0,0.0,0.7618305422202767,0.0,0.021310637800687034,0.0,4.501061894057842,171.94612007325563,526.7854021332954,7.037022205129302,171.16297889323465,0.0,0.0,0.0,21936.1872631579,-26057.259278518828,1.1458951121312565e-16,0.0,2.7214549481868745e-11,2.220446049250313e-16
film_only_hypothesis,once_through,1769.551384669652,10.009238870536677,19216.786483465956,86495.47483306732,1759.542145799117,2433333.3333333354,10953504.52516693,0.0,13338.581921613242,2433333.3333333354,10949999.999999998,0.0,365.0,0.5008897019098978,0.13023132249657343,0.8652893925454131,0.2761125684701495,4.461157570181653,0.3672254171475892,0.7826840249122043,0.3958576438384083,3.5672032453278577,0.020177424454337477,0.020177424454337477,0.0,3.5470258208735235,0.0,0.0,3.5470258208735235,0.0,0.020177424454337477,0.0,4.501037408491148,783.2135165340582,295.4086147693698,12.630803213796302,779.6463132887303,0.0,0.0,0.0,88963.42612280707,-103209.72665964498,-3.2085063139675184e-15,0.0,0.0,-3.1086244689504383e-15
inhibition_only_hypothesis,stationary,19.611707802381023,19.611707802381023,19991.31974648139,90000.0,0.0,0.0,0.0,0.0,0.0,0.0,0.0,0.0,3.0,0.005551295407515112,0.0014433368059539292,0.0,0.34855666319404605,1.0,0.9889588154799452,0.9957548917471943,0.9833077354254831,0.03953484952466385,0.03953484952466385,0.03953484952466385,0.0,0.0,0.0,0.0,0.0,0.0,0.03953484952466385,0.0,4.501953905061251,8.680253518610748,588.5847585333281,0.0,8.640718669086084,0.0,0.0,0.0,0.0,-907.7186152246713,0.0,0.0,0.0,0.0
inhibition_only_hypothesis,stationary,162.6165788429094,162.6165788429094,19928.024976462562,90000.0,0.0,0.0,0.0,0.0,0.0,0.0,0.0,0.0,30.0,0.04603029355795638,0.01196787632506866,0.0,0.3380321236749313,1.0,0.9120498893987137,0.9648003637497979,0.868605694859592,0.32781550895784417,0.32781550895784417,0.32781550895784417,0.0,0.0,0.0,0.0,0.0,0.19828567224613378,0.10749809535102887,0.022031741360681527,4.516252870332159,71.97502353743167,564.6264374635531,0.0,71.64720802847383,0.19828567224613378,3.3044307279818192,0.0,0.0,-904.4141844966895,0.0,-7.275957614183426e-12,0.0,0.0
inhibition_only_hypothesis,stationary,372.2329529398099,372.2329529398099,19835.24757598588,90000.0,0.0,0.0,0.0,0.0,0.0,0.0,0.0,0.0,90.0,0.10536436209444648,0.027394734144556086,0.0,0.3226052658554439,1.0,0.8099937687966433,0.9194272525160115,0.7210299486301934,0.7503769651723039,0.7503769651723039,0.7503769651723039,0.0,0.0,0.0,0.0,0.0,0.5793139996753591,0.10669474331079369,0.064368222186151,4.53737719457362,164.75242401410722,529.5083582292289,0.0,164.0020470489349,0.5793139996753591,9.654267804589859,0.0,0.0,-898.0643474200814,0.0,-1.4551915228366852e-11,0.0,1.1102230246251565e-16
inhibition_only_hypothesis,stationary,1343.4981708048774,1343.4981708048774,19405.360061352712,90000.0,0.0,0.0,0.0,0.0,0.0,0.0,0.0,0.0,365.0,0.38029096194715833,0.09887565010626118,0.7477949929414558,0.2880937079303855,3.991179971765823,0.46739435991031314,0.8179226703834869,0.46492000858825977,2.708331092562136,2.708331092562136,1.2142803481393536,1.4940507444227824,0.0,0.0,0.0,0.0,2.3447915431123683,0.103007155770616,0.260532393679152,4.637893845589705,594.6399386472752,366.7874399542048,0.0,591.9316075547131,2.3447915431123683,39.075951065967615,0.0,0.0,-868.6426641587037,0.0,-1.0913936421275139e-11,0.0,0.0
inhibition_only_hypothesis,recirculating,19.611707802381055,19.611707802381055,19991.31974648139,90000.0,0.0,0.0,0.0,0.0,4.320405631320836,0.0,0.0,20000.000000000007,3.0,0.005551295407515121,0.0014433368059539316,0.0,0.34855666319404605,1.0,0.9889588154799451,0.9957548917471943,0.9833077354254831,0.03953484952466392,0.03953484952466392,0.03953484952466392,0.0,0.0,0.0,0.0,0.0,0.0,0.03953484952466392,0.0,4.501953905061251,8.680253518610762,588.584758533328,5.084878131093386,8.640718669086098,0.0,0.0,0.0,0.0,-912.0390208559921,0.0,0.0,0.0,0.0
inhibition_only_hypothesis,recirculating,162.61657884290938,162.61657884290938,19928.024976462573,90000.0,0.0,0.0,0.0,0.0,46.22567534188834,0.0,0.0,199999.99999999997,30.0,0.046030293557956375,0.011967876325068658,0.0,0.3380321236749313,1.0,0.9120498893987137,0.9648003637497979,0.868605694859592,0.3278155089578441,0.3278155089578441,0.3278155089578441,0.0,0.0,0.0,0.0,0.0,0.19828567224613367,0.10749809535102896,0.022031741360681513,4.516252870332156,71.97502353743165,564.6264374635531,5.7563518516974925,71.64720802847381,0.19828567224613367,3.3044307279818175,0.0,0.0,-950.6398598385779,0.0,3.637978807091713e-12,0.0,-5.551115123125783e-17
inhibition_only_hypothesis,recirculating,372.23295293981,372.23295293981,19835.247575985904,90000.0,0.0,0.0,0.0,0.0,155.51516338521466,0.0,0.0,600000.0000000001,90.0,0.10536436209444652,0.027394734144556097,0.0,0.32260526585544386,1.0,0.8099937687966432,0.9194272525160114,0.7210299486301932,0.7503769651723041,0.7503769651723041,0.7503769651723041,0.0,0.0,0.0,0.0,0.0,0.5793139996753591,0.10669474331079391,0.064368222186151,4.537377194573614,164.75242401410728,529.5083582292289,6.934524716343557,164.00204704893497,0.5793139996753591,9.654267804589859,0.0,0.0,-1053.5795108052962,0.0,1.0913936421275139e-11,0.0,1.1102230246251565e-16
inhibition_only_hypothesis,recirculating,1343.4981601164527,1343.4981601164527,19405.360066083504,90000.0,0.0,0.0,0.0,0.0,856.1679300954479,0.0,0.0,2433333.3333333354,365.0,0.3802909589216899,0.09887564931963938,0.7477949889736566,0.288093708226732,3.9911799558946264,0.46739436273848695,0.8179226712550942,0.4649200104100408,2.7083310710155546,2.7083310710155546,1.2142803486140623,1.4940507224014923,0.0,0.0,0.0,0.0,2.344791523684209,0.10300715581087772,0.26053239152046764,4.637893844459042,594.6399339165175,366.78744174489003,10.75453817440596,591.931602845502,2.344791523684209,39.07595074219734,0.0,0.0,-1724.8105945779218,0.0,2.1827872842550278e-11,0.0,0.0
inhibition_only_hypothesis,once_through,19.689933557845933,12.404291736650709,19991.285123316695,89985.48900054445,7.28564182119522,20000.000000000007,90014.51099945554,0.0,106.27140057148159,20000.000000000007,89999.99999999997,0.0,3.0,0.005573438011384064,0.0014490938829598567,0.0,0.3485509061170401,1.0,0.9889150202031061,0.9957379591677651,0.9832416339200928,0.039692543260590456,0.02500556362607943,0.02500556362607943,0.0,0.01468697963451102,0.0,0.0,0.01468697963451102,0.0,0.02500556362607943,0.0,4.501235835788791,8.714876683302087,588.5716529813863,5.08521997798798,8.675184140041496,0.0,0.0,0.0,731.2062421052632,-1745.1962579014162,7.161844450820353e-18,-7.275957614183426e-12,1.7009093426167966e-12,6.938893903907228e-18
inhibition_only_hypothesis,once_through,178.09174550018315,16.418055610112,19921.175579603223,89677.99037016339,161.6736898900712,199999.99999999997,900322.0096298368,0.0,1065.9404158351665,199999.99999999997,899999.9999999999,0.0,30.0,0.05041069849059692,0.0131067816075552,0.0,0.3368932183924448,1.0,0.9040944924724917,0.9614506423307201,0.8569045476272887,0.3590115879189092,0.033096829943312575,0.033096829943312575,0.0,0.32591475797559666,0.0,0.0,0.32591475797559666,0.0,0.033096829943312575,0.0,4.501641482542946,78.82442039676992,562.0338054176268,5.834955613019752,78.46540880885101,0.0,0.0,0.0,7312.062421052629,-9285.721452112466,-5.729475560656283e-17,0.0,1.3607274740934373e-11,-5.551115123125783e-17
inhibition_only_hypothesis,once_through,463.02677064676107,14.732335348415297,19795.06171539893,89107.12048901485,448.2944352983457,600000.0000000002,2700892.8795109848,0.0,3218.9438628600406,600000.0000000002,2699999.999999999,0.0,90.0,0.13106448512025304,0.03407676613126579,0.07829984759025371,0.3172573366659576,1.3131993903610149,0.7694117860852637,0.9036980490175225,0.6750617773409239,0.9334064064113926,0.02969862018216343,0.02969862018216343,0.0,0.9037077862292291,0.0,0.0,0.9037077862292291,0.0,0.02969862018216343,0.0,4.501482327771519,204.93828460107673,514.2972159796948,7.406729528807063,204.00487819466534,0.0,0.0,0.0,21936.1872631579,-26062.84974124261,1.1458951121312565e-16,0.0,2.7214549481868745e-11,1.1102230246251565e-16
inhibition_only_hypothesis,once_through,2008.4592215472871,9.336477314992134,19111.044514812464,86018.29601770198,1999.1227442322931,2433333.3333333354,10953981.703982303,0.0,13418.703557851137,2433333.3333333354,10949999.999999998,0.0,365.0,0.568515019961861,0.1478139051900839,0.9052276997432314,0.269088715502558,4.6209107989729254,0.320770283448037,0.7620256338310529,0.3594013491106782,4.0488127755327445,0.01882121788974634,0.01882121788974634,0.0,4.029991557642995,0.0,0.0,4.029991557642995,0.0,0.01882121788974634,0.0,4.500973034259403,888.9554851875479,255.3831903180752,13.912023458933211,884.9066724120152,0.0,0.0,0.0,88963.42612280707,-103289.84829588288,3.666864358820021e-15,0.0,4.354327917098999e-10,3.552713678800501e-15
contact_inhibition_hypothesis,stationary,9.932057951927995,9.932057951927995,19995.604014609384,90000.0,0.0,0.0,0.0,0.0,0.0,0.0,0.0,0.0,3.0,0.002811371057089576,0.0007309564748432899,0.0,0.3492690435251567,1.0,0.9943930359144824,0.9978501280151668,0.9915164640789788,0.020021836984132603,0.020021836984132603,0.020021836984132603,0.0,0.0,0.0,0.0,0.0,0.0,0.020021836984132603,0.0,4.500989314163419,4.395985390614574,590.2064386710236,0.0,4.3759635536304415,0.0,0.0,0.0,0.0,-907.7186152246713,0.0,0.0,0.0,0.0
contact_inhibition_hypothesis,stationary,89.45412943124168,89.45412943124168,19960.407093070407,90000.0,0.0,0.0,0.0,0.0,0.0,0.0,0.0,0.0,30.0,0.025320910493813534,0.006583436728391519,0.0,0.34341656327160847,1.0,0.9506191013720687,0.9806369507988485,0.925777129568714,0.18032879043785147,0.18032879043785147,0.18032879043785147,0.0,0.0,0.0,0.0,0.0,0.06529471459200915,0.1077791075578413,0.007254968288001015,4.508926074521046,39.59290692958036,576.8837084257369,0.0,39.412578139142504,0.06529471459200915,1.0881364186758324,0.0,0.0,-906.6304788059955,0.0,-1.0913936421275139e-11,0.0,0.0
contact_inhibition_hypothesis,stationary,224.97296428516378,224.97296428516378,19900.425685284186,90000.0,0.0,0.0,0.0,0.0,0.0,0.0,0.0,0.0,90.0,0.06368090918118133,0.016557036387107146,0.0,0.33344296361289283,1.0,0.8804150646246435,0.9513028341555672,0.8222665385886115,0.45351849924317594,0.45351849924317594,0.45351849924317594,0.0,0.0,0.0,0.0,0.0,0.3116336928223869,0.10725884055163495,0.03462596586915409,4.522516323183605,99.5743147157992,554.179560428485,0.0,99.12079621655603,0.3116336928223869,5.193375490885077,0.0,0.0,-902.5252397337862,0.0,-1.4551915228366852e-11,0.0,-5.551115123125783e-17
contact_inhibition_hypothesis,stationary,668.6309607232043,668.6309607232043,19704.060130410155,90000.0,0.0,0.0,0.0,0.0,0.0,0.0,0.0,0.0,365.0,0.18926286374379403,0.04920834457338645,0.3189822383588831,0.3086399493755905,2.2759289534355327,0.6848703508349645,0.8783527922811487,0.6061364985848368,1.347879781102693,1.347879781102693,1.244419031872428,0.10346074923026503,0.0,0.0,0.0,0.0,1.118084821393748,0.10556331288741774,0.12423164682152751,4.5675865483732965,295.93986958978854,479.85131799523793,0.0,294.59198980868587,1.118084821393748,18.63288354852681,0.0,0.0,-889.0857316761445,0.0,-5.820766091346741e-11,0.0,-2.220446049250313e-16
contact_inhibition_hypothesis,recirculating,15.769186769583035,15.769186769583035,19993.020468165163,90000.0,0.0,0.0,0.0,0.0,4.313118296916255,0.0,0.0,20000.000000000007,3.0,0.004463630346542608,0.0011605438901010781,0.0,0.3488394561098989,1.0,0.9911124689850244,0.9965866356173498,0.986559374779559,0.03178878822506705,0.03178878822506705,0.03178878822506705,0.0,0.0,0.0,0.0,0.0,0.0,0.03178878822506705,0.0,4.501570942885132,6.9795318348402455,589.2285152945578,5.068118683801694,6.947743046615178,0.0,0.0,0.0,0.0,-912.0317335215875,0.0,3.637978807091713e-12,0.0,0.0
contact_inhibition_hypothesis,recirculating,134.8780557731565,134.8780557731565,19940.302204682754,90000.0,0.0,0.0,0.0,0.0,45.59129280400137,0.0,0.0,199999.99999999997,30.0,0.03817861958442939,0.009926441091951642,0.0,0.34007355890804836,1.0,0.9264851706410848,0.9708045850236717,0.8899182648782289,0.2718979750719907,0.2718979750719907,0.2718979750719907,0.0,0.0,0.0,0.0,0.0,0.14786403785680968,0.10760459967553548,0.016429337539645514,4.513472217029114,59.69779531725312,569.2736109260442,5.618493514889449,59.42589734218112,0.14786403785680968,2.4641541908837334,0.0,0.0,-950.845753837789,0.0,7.275957614183426e-12,0.0,0.0
contact_inhibition_hypothesis,recirculating,318.89475906281257,318.89475906281257,19858.85536423884,90000.0,0.0,0.0,0.0,0.0,150.79814020396574,0.0,0.0,600000.0000000001,90.0,0.09026643825741189,0.02346927394692709,0.0,0.3265307260530729,1.0,0.8348252341015876,0.9309727236855085,0.7564133224187902,0.6428535668995425,0.6428535668995425,0.6428535668995425,0.0,0.0,0.0,0.0,0.0,0.4823591898066002,0.10689891155887572,0.053595465534066675,4.531983256299302,141.14463576116694,538.4443725404117,6.61014269818973,140.5017821942674,0.4823591898066002,8.038515898126992,0.0,0.0,-1050.47823953051,0.0,7.275957614183426e-12,0.0,-1.1102230246251565e-16
contact_inhibition_hypothesis,recirculating,1091.957960563197,1091.957960563197,19516.693190370563,90000.0,0.0,0.0,0.0,0.0,800.613800258078,0.0,0.0,2433333.333333335,365.0,0.3090899208144481,0.0803633794117565,0.6347844633215556,0.29514333292354267,3.5391378532862223,0.5389244733054831,0.8386568615398314,0.5099409492468683,2.2012562135401375,2.2012562135401375,1.2254751602949214,0.9757810532452161,0.0,0.0,0.0,0.0,1.8875696293949467,0.10395662532353002,0.2097299588216607,4.611436943857146,483.30680962944706,408.9292290770447,9.805056854885844,481.1055534159069,1.8875696293949467,31.456347873866786,0.0,0.0,-1676.8760676088825,0.0,1.0913936421275139e-11,0.0,0.0
contact_inhibition_hypothesis,once_through,15.820029150663737,9.972937256941314,19992.997965037863,89988.35419728712,5.847091893722424,20000.000000000004,90011.64580271291,0.0,106.26409619312525,20000.000000000004,89999.99999999997,0.0,3.0,0.004478021804922697,0.0011642856692799012,0.0,0.3488357143307201,1.0,0.9910839422878724,0.996575630384471,0.9865162908173483,0.031891280364240014,0.020104244757522854,0.020104244757522854,0.0,0.011787035606717159,0.0,0.0,0.011787035606717159,0.0,0.020104244757522854,0.0,4.500993515562372,7.002034962141415,589.2199974162435,5.068340022907682,6.9701436817771745,0.0,0.0,0.0,731.2062421052631,-1745.1889535230598,-1.7904611127050883e-18,3.637978807091713e-12,3.401818685233593e-12,0.0
contact_inhibition_hypothesis,once_through,145.72305917126968,13.632092387636298,19935.50214444044,89736.91103761113,132.09096678363338,200000.0,900263.0889623889,0.0,1065.2369570898993,200000.0,899999.9999999999,0.0,30.0,0.041248409230750877,0.010724586399995227,0.0,0.33927541360000474,1.0,0.9208143674585041,0.9684570988235434,0.8815334787629354,0.2937602005221791,0.027480662402388258,0.027480662402388258,0.0,0.2662795381197908,0.0,0.0,0.2662795381197908,0.0,0.027480662402388258,0.0,4.501361961561461,64.4978555595533,567.4566932817413,5.671934328593565,64.20409535903113,0.0,0.0,0.0,7312.062421052631,-9285.0179933672,0.0,0.0,6.803637370467186e-12,0.0
contact_inhibition_hypothesis,once_through,382.3893222626472,10.467011828554742,19830.75230910555,89259.232806573,371.9223104340925,600000.0000000002,2700740.7671934273,0.0,3212.8364550620745,600000.0000000002,2700000.0,0.0,90.0,0.10823922678991423,0.028142198965377698,0.0,0.3218578010346223,1.0,0.8053498871427853,0.9172288265724186,0.7144521694001028,0.7708509869628253,0.021100239804946932,0.021100239804946932,0.0,0.7497507471578783,0.0,0.0,0.7497507471578783,0.0,0.021100239804946932,0.0,4.501051267005562,169.24769089444317,527.8068108947274,6.998369119934652,168.47683990748035,0.0,0.0,0.0,21936.187263157903,-26056.74233344465,0.0,0.0,2.7214549481868745e-11,1.1102230246251565e-16
contact_inhibition_hypothesis,once_through,1741.5603257361042,10.144310278500992,19229.17548549707,86551.49436739077,1731.4160154576039,2433333.3333333354,10953448.505632604,0.0,13330.254371920553,2433333.3333333354,10950000.0,0.0,365.0,0.4929665450652693,0.12817130171697003,0.8596233391315525,0.2769182194644197,4.438493356526211,0.37309093699787266,0.785053586660058,0.40022326834732247,3.5107766294448974,0.020449712204224577,0.020449712204224577,0.0,3.490326917240674,0.0,0.0,3.490326917240674,0.0,0.020449712204224577,0.0,4.5010507305770435,770.824514502931,300.0980968278017,12.493026756407604,767.3137378734862,0.0,0.0,0.0,88963.42612280708,-103201.39910995231,-1.375074134557508e-15,0.0,-3.265745937824249e-10,-1.3322676295501878e-15
closure_hypothesis,stationary,9.904479068093304,9.904479068093304,19995.61622118037,90000.0,0.0,0.0,0.0,0.0,0.0,0.0,0.0,0.0,3.0,0.0028035645706418573,0.0007289267883668829,0.0,0.3492710732116331,1.0,0.9888483871192644,0.9978560976812738,0.991539935390912,0.019966241263787928,0.019966241263787928,0.019966241263787928,0.0,0.0,0.0,0.0,0.0,0.0,0.019966241263787928,0.0,4.500986566478878,4.383778819628626,590.211059099327,0.0,4.363812578364838,0.0,0.0,0.0,0.0,-907.7186152246713,0.0,0.0,0.0,0.0
closure_hypothesis,stationary,87.41228609498214,87.41228609498214,19961.31082455482,90000.0,0.0,0.0,0.0,0.0,0.0,0.0,0.0,0.0,30.0,0.0247429457571542,0.006433165896860092,0.0,0.3435668341031399,1.0,0.9057682657001997,0.9810789238327644,0.9274174183315317,0.17621267929315257,0.17621267929315257,0.17621267929315257,0.0,0.0,0.0,0.0,0.0,0.06158315211820593,0.10778695471736821,0.006842572457578436,4.50872193670213,38.68917544517251,577.2257886490771,0.0,38.51296276587936,0.06158315211820593,1.0262832300499019,0.0,0.0,-906.6923319946214,0.0,-7.275957614183426e-12,0.0,0.0
closure_hypothesis,stationary,213.64824316399176,213.64824316399176,19905.438071321645,90000.0,0.0,0.0,0.0,0.0,0.0,0.0,0.0,0.0,90.0,0.06047533050415662,0.01572358593108072,0.0,0.3342764140689193,1.0,0.7851336491345722,0.9537541590262333,0.8305234445178176,0.4306892204294277,0.4306892204294277,0.4306892204294277,0.0,0.0,0.0,0.0,0.0,0.29104825085206676,0.10730227503824238,0.03233869453911852,4.521377508876113,94.56192867834233,556.0768475815205,0.0,94.1312394579129,0.29104825085206676,4.850319100449692,0.0,0.0,-902.8682961242216,0.0,-1.0913936421275139e-11,0.0,0.0
closure_hypothesis,stationary,521.468369669538,521.468369669538,19769.19513097585,90000.0,0.0,0.0,0.0,0.0,0.0,0.0,0.0,0.0,365.0,0.14760698022226518,0.03837781485778895,0.15427099618886933,0.311622185142211,1.0,0.5540901272559313,0.8871240739476796,0.6292945277941954,1.0512176570494283,1.0512176570494283,1.0512176570494283,0.0,0.0,0.0,0.0,0.0,0.8505839237035021,0.10612440848998142,0.09450932485594465,4.552537389799005,230.804869024138,504.50620268741386,0.0,229.75365136708857,0.8505839237035021,14.174981088518862,0.0,0.0,-893.5436341361524,0.0,-1.0913936421275139e-11,0.0,2.220446049250313e-16
closure_hypothesis,recirculating,15.700162278835043,15.700162278835043,19993.05101879771,90000.0,0.0,0.0,0.0,0.0,4.313031042407706,0.0,0.0,20000.000000000004,3.0,0.004444092255196535,0.0011554639863510991,0.0,0.3488445360136489,1.0,0.9823806985528803,0.9966015765107321,0.9866178688779984,0.031649643134657984,0.031649643134657984,0.031649643134657984,0.0,0.0,0.0,0.0,0.0,0.0,0.031649643134657984,0.0,4.501564064203153,6.948981202293455,589.2400793126153,5.067818207758694,6.9173315591587965,0.0,0.0,0.0,0.0,-912.0316462670789,0.0,3.637978807091713e-12,0.0,0.0
closure_hypothesis,recirculating,130.44896076180547,130.44896076180547,19942.26254734867,90000.0,0.0,0.0,0.0,0.0,45.52364453150574,0.0,0.0,199999.99999999997,30.0,0.036924918731667554,0.009600478870233565,0.0,0.3403995211297664,1.0,0.8626901635273279,0.9717632974404895,0.8933620033937913,0.2629694510205084,0.2629694510205084,0.2629694510205084,0.0,0.0,0.0,0.0,0.0,0.13981305710378328,0.10762160979408252,0.015534784122642583,4.513028538578013,57.73745265133427,570.0156393587708,5.596835304171779,57.47448320031376,0.13981305710378328,2.329984596634548,0.0,0.0,-950.9122751595426,0.0,3.637978807091713e-12,0.0,0.0
closure_hypothesis,recirculating,297.85546117249254,297.85546117249254,19868.16747725734,90000.0,0.0,0.0,0.0,0.0,149.54657119417445,0.0,0.0,600000.0000000002,90.0,0.08431104880674425,0.021920872689753505,0.0,0.32807912731024647,1.0,0.7137345280554459,0.9355268450301367,0.7707652367838648,0.6004408670684042,0.6004408670684042,0.6004408670684042,0.0,0.0,0.0,0.0,0.0,0.44411523679292625,0.10697949285404172,0.04934613742143624,4.529859137890853,131.83252274266798,541.9691913124664,6.487059562861528,131.23208187559956,0.44411523679292625,7.401180421154115,0.0,0.0,-1049.8640059976915,0.0,7.275957614183426e-12,0.0,0.0
closure_hypothesis,recirculating,661.2688996817839,661.2688996817839,19707.318620537808,90000.0,0.0,0.0,0.0,0.0,770.2439943341748,0.0,0.0,2433333.3333333354,365.0,0.18717895671943371,0.04866652874705277,0.3115623850003479,0.3013334712529472,1.0,0.47297354282866416,0.8568631507439624,0.5523633159495518,1.3330387494905143,1.3330387494905143,1.244749625334026,0.08828912415648828,0.0,0.0,0.0,0.0,1.1047026582231958,0.10559135146474125,0.12274473980257729,4.566831324592647,292.68137946220986,481.08472089181225,9.052013150809344,291.34834071271933,1.1047026582231958,18.409869799289556,0.0,0.0,-1659.5527397595565,0.0,1.8189894035458565e-11,0.0,-2.220446049250313e-16
closure_hypothesis,once_through,15.750448413335217,9.921942231431336,19993.028761868314,89988.3912149255,5.828506181903878,20000.000000000007,90011.60878507452,0.0,106.2640085965625,20000.000000000007,89999.99999999997,0.0,3.0,0.004458326262266466,0.0011591648281892811,0.0,0.3488408351718107,1.0,0.9823247672899131,0.9965906916817963,0.986575254115075,0.0317510139474742,0.0200014449054978,0.0200014449054978,0.0,0.011749569041976387,0.0,0.0,0.011749569041976387,0.0,0.0200014449054978,0.0,4.500988433856294,6.971238131691489,589.2316546250718,5.068037110341707,6.939487117744015,0.0,0.0,0.0,731.2062421052632,-1745.1888659264969,7.161844450820353e-18,7.275957614183426e-12,3.401818685233593e-12,1.3877787807814457e-17
closure_hypothesis,once_through,140.3804049133786,12.762106416859718,19937.86683362958,89745.81936561734,127.61829849651889,199999.99999999997,900254.1806343828,0.0,1065.1591546346676,199999.99999999997,899999.9999999999,0.0,30.0,0.039736116046259776,0.010331390172027543,0.0,0.3396686098279724,1.0,0.8530437321325269,0.969613558317566,0.8856557283469335,0.2829900506567817,0.025726875083619167,0.025726875083619167,0.0,0.2572631755731625,0.0,0.0,0.2572631755731625,0.0,0.025726875083619167,0.0,4.501274891366079,62.133166370417555,568.351774862837,5.645534534431843,61.85017631976078,0.0,0.0,0.0,7312.062421052629,-9284.940190911968,0.0,0.0,1.3607274740934373e-11,5.551115123125783e-17
closure_hypothesis,once_through,350.55808295710284,8.950875623435671,19844.840996830655,89319.61217401663,341.6072073336671,600000.0000000002,2700680.387825984,0.0,3211.024765556933,600000.0000000002,2699999.9999999995,0.0,90.0,0.09922906743240383,0.025799557532424994,0.0,0.32420044246757496,1.0,0.6723903226992638,0.9241189484340441,0.7352373884212845,0.7066830282715644,0.018043891151771498,0.018043891151771498,0.0,0.6886391371197927,0.0,0.0,0.6886391371197927,0.0,0.018043891151771498,0.0,4.500898353797923,155.15900316934116,533.1396575717818,6.80052467235935,154.4523201410696,0.0,0.0,0.0,21936.1872631579,-26054.930643939504,2.291790224262513e-16,0.0,5.442909896373749e-11,1.1102230246251565e-16
closure_hypothesis,once_through,862.4605202181313,3.6592942968658093,19618.270063947333,88289.50359795618,858.8012259212658,2433333.3333333354,10951710.496402035,0.0,13263.129532882916,2433333.3333333354,10949999.999999998,0.0,365.0,0.24412831219465403,0.06347336117061005,0.4880187232260694,0.28652663882938995,1.0,0.37662199934757307,0.8133136436158528,0.455367541256252,1.7386169134973264,0.007376698187165847,0.007376698187165847,0.0,1.7312402153101611,0.0,0.0,1.7312402153101611,0.0,0.007376698187165847,0.0,4.500371506262756,381.72993605265634,447.3780827452553,10.980141417647326,379.99131913915903,0.0,0.0,0.0,88963.42612280707,-103134.27427091466,-6.87537067278754e-16,0.0,-4.354327917098999e-10,-6.661338147750939e-16
opening_hypothesis,stationary,9.952876696466838,9.952876696466838,19995.594800114537,90000.0,0.0,0.0,0.0,0.0,0.0,0.0,0.0,0.0,3.0,0.0028172640166478804,0.000732488644328449,0.0,0.3492675113556715,1.0,0.9985923596480626,0.9978456216343281,0.9914987463720817,0.020063805074873566,0.020063805074873566,0.020063805074873566,0.0,0.0,0.0,0.0,0.0,0.0,0.020063805074873566,0.0,4.500991388337419,4.405199885464146,590.2029508026574,0.0,4.385136080389272,0.0,0.0,0.0,0.0,-907.7186152246713,0.0,0.0,0.0,0.0
opening_hypothesis,stationary,91.0700710261194,91.0700710261194,19959.691868121306,90000.0,0.0,0.0,0.0,0.0,0.0,0.0,0.0,0.0,30.0,0.02577831936635283,0.006702363035251737,0.0,0.34329763696474824,1.0,0.9871935498022173,0.9802871675433773,0.9244807325491528,0.18358633478013356,0.18358633478013356,0.18358633478013356,0.0,0.0,0.0,0.0,0.0,0.06823209365226764,0.10777289738872507,0.0075813437391408466,4.509087644972307,40.30813187868468,576.6129816506391,0.0,40.124545543904546,0.06823209365226764,1.1370878407150402,0.0,0.0,-906.5815273839562,0.0,-7.275957614183426e-12,0.0,0.0
opening_hypothesis,stationary,234.5513317397588,234.5513317397588,19896.186245321194,90000.0,0.0,0.0,0.0,0.0,0.0,0.0,0.0,0.0,90.0,0.06639216450876324,0.017261962772278445,0.0,0.33273803722772155,1.0,0.9673488610459334,0.9492295212580046,0.8153370812129511,0.47282733862754495,0.47282733862754495,0.47282733862754495,0.0,0.0,0.0,0.0,0.0,0.32904470579999884,0.10722210996087954,0.03656052286666653,4.523479972005413,103.81375467880952,552.5748486369795,0.0,103.34092734018198,0.32904470579999884,5.48353002215698,0.0,0.0,-902.2350852025143,0.0,3.637978807091713e-12,0.0,5.551115123125783e-17
opening_hypothesis,stationary,808.2586959336801,808.2586959336801,19642.260099935094,90000.0,0.0,0.0,0.0,0.0,0.0,0.0,0.0,0.0,365.0,0.2287859288968219,0.059484341513173694,0.4454990895500427,0.3103908234767783,2.7819963582001708,0.8919073991096202,0.8835024219905245,0.6196452654113161,1.629352539958787,1.629352539958787,1.2381564099335447,0.3911961300252421,0.0,0.0,0.0,0.0,1.3718883405269298,0.10503216159553165,0.1524320378363255,4.581957450013474,357.73990006491294,456.4587853767509,0.0,356.11054752495414,1.3718883405269298,22.862519194881283,0.0,0.0,-884.85609602979,0.0,7.275957614183426e-12,0.0,0.0
opening_hypothesis,recirculating,15.82148741118378,15.82148741118378,19992.997319603448,90000.0,0.0,0.0,0.0,0.0,4.313184247049961,0.0,0.0,20000.000000000007,3.0,0.004478434580546801,0.0011643929909421682,0.0,0.3488356070090578,1.0,0.9977632878865359,0.996575314732523,0.9865150551073929,0.03189422004245716,0.03189422004245716,0.03189422004245716,0.0,0.0,0.0,0.0,0.0,0.0,0.03189422004245716,0.0,4.501576154954694,7.002680396549152,589.2197531065673,5.0683463715165455,6.970786176506695,0.0,0.0,0.0,0.0,-912.0317994717212,0.0,-3.637978807091713e-12,0.0,0.0
opening_hypothesis,recirculating,138.46823834244805,138.46823834244805,19938.71316943945,90000.0,0.0,0.0,0.0,0.0,45.64534246537441,0.0,0.0,200000.0,30.0,0.03919485765048039,0.010190662989124901,0.0,0.33980933701087507,1.0,0.9805933524760646,0.9700274617966914,0.8871350704254825,0.27913535230977415,0.27913535230977415,0.27913535230977415,0.0,0.0,0.0,0.0,0.0,0.15439008601595264,0.10759081229204899,0.017154454001772512,4.5138319226109935,61.28683056056652,568.6721296892979,5.636120323370746,61.00769520825675,0.15439008601595264,2.5729107834558507,0.0,0.0,-950.7910469065898,0.0,1.4551915228366852e-11,0.0,0.0
opening_hypothesis,recirculating,337.39326005426835,337.39326005426835,19850.667822392,90000.0,0.0,0.0,0.0,0.0,151.8809467622028,0.0,0.0,600000.0000000002,90.0,0.09550262903868158,0.02483068355005721,0.0,0.3251693164499428,1.0,0.9533708470869461,0.9269685777939495,0.7439806020305813,0.6801443250781984,0.6801443250781984,0.6801443250781984,0.0,0.0,0.0,0.0,0.0,0.5159846173801128,0.10682808354473983,0.05733162415334585,4.5338525033640416,149.3321776080128,535.3452261768081,6.72060533077511,148.6520332829346,0.5159846173801128,8.59888364863958,0.0,0.0,-1051.0006783382346,0.0,1.0913936421275139e-11,0.0,0.0
opening_hypothesis,recirculating,1466.604945271999,1466.604945271999,19350.872302152915,90000.0,0.0,0.0,0.0,0.0,776.5677437798316,0.0,0.0,2433333.3333333354,365.0,0.4151375994057462,0.107935775845494,0.7895938391434908,0.3059832918775871,4.158375356573963,0.8125573361466802,0.8705390937576092,0.5861055934423344,2.956499577074917,2.956499577074917,1.2088183706066864,1.7476812064682306,0.0,0.0,0.0,0.0,2.568560103763767,0.1025439062262873,0.2853955670848629,4.650953124732619,649.127697847079,346.16274649385565,8.530885997237867,646.1711982700041,2.568560103763767,42.80505412922318,0.0,0.0,-1641.4813048752799,0.0,-7.275957614183426e-12,0.0,0.0
opening_hypothesis,once_through,15.872753965134516,10.011609497510358,19992.974628734817,89988.32620841567,5.861144467624165,20000.000000000004,90011.67379158436,0.0,106.26416240393667,20000.000000000004,89999.99999999997,0.0,3.0,0.004492946105416211,0.0011681659874082147,0.0,0.34883183401259177,1.0,0.997756048379417,0.9965642176840935,0.9864716133727872,0.03199756726323536,0.020182203353841178,0.020182203353841178,0.0,0.0118153639093942,0.0,0.0,0.0118153639093942,0.0,0.020182203353841178,0.0,4.500997369299931,7.025371265177324,589.2111641644511,5.06856956877329,6.993373697914089,0.0,0.0,0.0,731.2062421052631,-1745.1890197338712,-1.4323688901640707e-17,-3.637978807091713e-12,3.401818685233593e-12,-1.3877787807814457e-17
opening_hypothesis,once_through,150.09634243091025,14.366954868906008,19933.566504373557,89729.66430173945,135.72938756200426,200000.0,900270.3356982605,0.0,1065.2995641123534,200000.0,899999.9999999999,0.0,30.0,0.04248631199371464,0.011046441118365806,0.0,0.3389535588816342,1.0,0.9789808905517237,0.9675104672989242,0.8781712844705991,0.3025762147796233,0.028962056981130243,0.028962056981130243,0.0,0.27361415779849313,0.0,0.0,0.27361415779849313,0.0,0.028962056981130243,0.0,4.501435519933283,66.43349562644069,566.7240152708374,5.69365007535429,66.13091941166107,0.0,0.0,0.0,7312.062421052631,-9285.080600389656,-5.729475560656283e-17,0.0,0.0,-5.551115123125783e-17
opening_hypothesis,once_through,411.76744998643926,12.03148663398778,19817.749382531583,89203.83564153823,399.73596335245156,600000.0000000003,2700796.164358462,0.0,3214.469466396846,600000.0000000003,2699999.9999999995,0.0,90.0,0.11655500770801862,0.030304302004084842,0.006067557653699966,0.3198336028205888,1.0242702306148,0.9433881172706695,0.9112753024134965,0.6968904393112727,0.8300737670786631,0.024254033275723286,0.024254033275723286,0.0,0.80581973380294,0.0,0.0,0.80581973380294,0.0,0.024254033275723286,0.0,4.501209189786567,182.25061746841962,522.8849462665218,7.17472893578714,181.42054370134096,0.0,0.0,0.0,21936.187263157903,-26058.375344779422,-1.1458951121312565e-16,0.0,5.442909896373749e-11,-2.220446049250313e-16
opening_hypothesis,once_through,2429.43405089333,13.610826520233227,18924.718658823822,85188.34299656349,2415.823224373098,2433333.333333336,10954811.657003438,0.0,13227.615351512566,2433333.333333336,10950000.0,0.0,365.0,0.6876762710052006,0.17879583046135217,0.9489993351070968,0.2984620127094561,4.7959973404283875,0.7090436877616526,0.8484176844395769,0.5323378980910498,4.8974475145148455,0.027437792965607756,0.027437792965607756,0.0,4.87000972154924,0.0,0.0,4.87000972154924,0.0,0.027437792965607756,0.0,4.501432466835836,1075.2813411761786,184.8551722835859,9.392530604959505,1070.3838936616637,0.0,0.0,0.0,88963.4261228071,-103098.76008954433,-2.750148269115016e-15,0.0,1.0885819792747498e-10,-2.6645352591003757e-15
zero_source,stationary,0.0,0.0,20000.0,90000.0,0.0,0.0,0.0,0.0,0.0,0.0,0.0,0.0,3.0,0.0,0.0,0.0,0.35,1.0,1.0,1.0,1.0,0.0,0.0,0.0,0.0,0.0,0.0,0.0,0.0,0.0,0.0,0.0,4.5,0.0,591.8704059999999,0.0,0.0,0.0,0.0,0.0,0.0,-907.7186152246713,0.0,0.0,0.0,0.0
zero_source,stationary,0.0,0.0,20000.0,90000.0,0.0,0.0,0.0,0.0,0.0,0.0,0.0,0.0,30.0,0.0,0.0,0.0,0.35,1.0,1.0,1.0,1.0,0.0,0.0,0.0,0.0,0.0,0.0,0.0,0.0,0.0,0.0,0.0,4.5,0.0,591.8704059999999,0.0,0.0,0.0,0.0,0.0,0.0,-907.7186152246713,0.0,0.0,0.0,0.0
zero_source,stationary,0.0,0.0,20000.0,90000.0,0.0,0.0,0.0,0.0,0.0,0.0,0.0,0.0,90.0,0.0,0.0,0.0,0.35,1.0,1.0,1.0,1.0,0.0,0.0,0.0,0.0,0.0,0.0,0.0,0.0,0.0,0.0,0.0,4.5,0.0,591.8704059999999,0.0,0.0,0.0,0.0,0.0,0.0,-907.7186152246713,0.0,0.0,0.0,0.0
zero_source,stationary,0.0,0.0,20000.0,90000.0,0.0,0.0,0.0,0.0,0.0,0.0,0.0,0.0,365.0,0.0,0.0,0.0,0.35,1.0,1.0,1.0,1.0,0.0,0.0,0.0,0.0,0.0,0.0,0.0,0.0,0.0,0.0,0.0,4.5,0.0,591.8704059999999,0.0,0.0,0.0,0.0,0.0,0.0,-907.7186152246713,0.0,0.0,0.0,0.0
zero_source,recirculating,0.0,0.0,20000.0,90000.0,0.0,0.0,0.0,0.0,4.283654185320854,0.0,0.0,19999.999999999996,3.0,0.0,0.0,0.0,0.35,1.0,1.0,1.0,1.0,0.0,0.0,0.0,0.0,0.0,0.0,0.0,0.0,0.0,0.0,0.0,4.5,0.0,591.8704059999999,5.0,0.0,0.0,0.0,0.0,0.0,-912.0022694099921,0.0,0.0,0.0,0.0
zero_source,recirculating,0.0,0.0,20000.0,90000.0,0.0,0.0,0.0,0.0,42.83654185320851,0.0,0.0,199999.99999999997,30.0,0.0,0.0,0.0,0.35,1.0,1.0,1.0,1.0,0.0,0.0,0.0,0.0,0.0,0.0,0.0,0.0,0.0,0.0,0.0,4.5,0.0,591.8704059999999,5.0,0.0,0.0,0.0,0.0,0.0,-950.5551570778798,0.0,0.0,0.0,0.0
zero_source,recirculating,0.0,0.0,20000.0,90000.0,0.0,0.0,0.0,0.0,128.5096255596258,0.0,0.0,600000.0000000002,90.0,0.0,0.0,0.0,0.35,1.0,1.0,1.0,1.0,0.0,0.0,0.0,0.0,0.0,0.0,0.0,0.0,0.0,0.0,0.0,4.5,0.0,591.8704059999999,5.0,0.0,0.0,0.0,0.0,0.0,-1036.2282407842972,0.0,0.0,0.0,0.0
zero_source,recirculating,0.0,0.0,20000.0,90000.0,0.0,0.0,0.0,0.0,521.1779258807055,0.0,0.0,2433333.3333333354,365.0,0.0,0.0,0.0,0.35,1.0,1.0,1.0,1.0,0.0,0.0,0.0,0.0,0.0,0.0,0.0,0.0,0.0,0.0,0.0,4.5,0.0,591.8704059999999,5.0,0.0,0.0,0.0,0.0,0.0,-1428.8965411053769,0.0,0.0,0.0,0.0
zero_source,once_through,0.0,0.0,20000.0,90000.0,0.0,19999.999999999996,89999.99999999996,0.0,106.23462379595709,19999.999999999996,89999.99999999996,0.0,3.0,0.0,0.0,0.0,0.35,1.0,1.0,1.0,1.0,0.0,0.0,0.0,0.0,0.0,0.0,0.0,0.0,0.0,0.0,0.0,4.5,0.0,591.8704059999999,5.0,0.0,0.0,0.0,0.0,731.206242105263,-1745.1594811258915,0.0,3.637978807091713e-12,-8.504546713083983e-13,0.0
zero_source,once_through,0.0,0.0,20000.0,90000.0,0.0,199999.99999999997,899999.9999999999,0.0,1062.346237959572,199999.99999999997,899999.9999999999,0.0,30.0,0.0,0.0,0.0,0.35,1.0,1.0,1.0,1.0,0.0,0.0,0.0,0.0,0.0,0.0,0.0,0.0,0.0,0.0,0.0,4.5,0.0,591.8704059999999,5.0,0.0,0.0,0.0,0.0,7312.062421052629,-9282.127274236871,0.0,0.0,0.0,0.0
zero_source,once_through,0.0,0.0,20000.0,90000.0,0.0,600000.0000000002,2699999.9999999995,0.0,3187.0387138787178,600000.0000000002,2699999.9999999995,0.0,90.0,0.0,0.0,0.0,0.35,1.0,1.0,1.0,1.0,0.0,0.0,0.0,0.0,0.0,0.0,0.0,0.0,0.0,0.0,0.0,4.5,0.0,591.8704059999999,5.0,0.0,0.0,0.0,0.0,21936.1872631579,-26030.94459226129,0.0,0.0,0.0,0.0
zero_source,once_through,0.0,0.0,20000.0,90000.0,0.0,2433333.3333333354,10949999.999999998,0.0,12925.21256184147,2433333.3333333354,10949999.999999998,0.0,365.0,0.0,0.0,0.0,0.35,1.0,1.0,1.0,1.0,0.0,0.0,0.0,0.0,0.0,0.0,0.0,0.0,0.0,0.0,0.0,4.5,0.0,591.8704059999999,5.0,0.0,0.0,0.0,0.0,88963.42612280707,-102796.35729987321,0.0,0.0,0.0,0.0
